ordem_coluna,variavel,classe_r,tipo_r,nivel_conceitual,unidade,origem,descricao,cuidado_interpretativo
1,id_escola,character,character,"escola, repetida na base escola × série",não aplicável,dim_escola.csv | dim_contexto_escola_2024_final.csv | variacao_escola_serie_com_qualidade.csv,Identificador longitudinal interno e estável da escola.,
2,codigo_inep,character,character,"escola, repetida na base escola × série",não aplicável,dim_escola.csv | dim_contexto_escola_2024_final.csv | variacao_escola_serie_com_qualidade.csv,"Código INEP associado à escola, mantido como texto.",
3,codigo_inep_valido,logical,logical,"escola, repetida na base escola × série",não aplicável,derivada no módulo 15,Indica se o código INEP possui exatamente oito dígitos.,
4,nome_canonico,character,character,"escola, repetida na base escola × série",não aplicável,dim_escola.csv | dim_contexto_escola_2024_final.csv | variacao_escola_serie_com_qualidade.csv,Nome padronizado da escola adotado no projeto.,
5,nome_vinculo_original,character,character,"escola, repetida na base escola × série",não aplicável,dim_escola.csv | dim_contexto_escola_2024_final.csv,Variável nome vinculo original. Consulte a origem e o módulo de criação para definição operacional.,
6,chave_nome,character,character,"escola, repetida na base escola × série",não aplicável,dim_escola.csv | dim_contexto_escola_2024_final.csv,Variável chave nome. Consulte a origem e o módulo de criação para definição operacional.,
7,assessora,character,character,"escola, repetida na base escola × série",não aplicável,dim_escola.csv | dim_contexto_escola_2024_final.csv | variacao_escola_serie_com_qualidade.csv,Vínculo administrativo original entre escola e assessora.,"Vínculo administrativo; não representa qualidade, intensidade ou efeito do trabalho."
8,assessora_gerencial,character,character,"escola, repetida na base escola × série",não aplicável,derivada no módulo 15,"Versão gerencial do vínculo, com categoria explícita para ausência de informação.","Vínculo administrativo; não representa qualidade, intensidade ou efeito do trabalho."
9,ano_escolar,integer,integer,escola × série,não aplicável,variacao_escola_serie_com_qualidade.csv,"Ano escolar do Ensino Fundamental, de 1 a 5.",
10,componente,character,character,escola × série,não aplicável,variacao_escola_serie_com_qualidade.csv,Componente curricular analisado.,
11,painel_balanceado,logical,logical,escola × série,não aplicável,variacao_escola_serie_com_qualidade.csv,Indica presença da escola-série nos dois anos.,
12,painel_resultado_balanceado,logical,logical,escola × série,não aplicável,variacao_escola_serie_com_qualidade.csv,Indica disponibilidade de resultado nos dois anos.,
13,contexto_2024_encontrado,logical,logical,"escola, repetida na base escola × série",não aplicável,derivada no módulo 15,Indica disponibilidade do contexto estrutural pré-programa de 2024.,
14,amostra_principal_descritiva,logical,logical,escola × série,não aplicável,derivada no módulo 15,Resultado balanceado e contexto de 2024 disponível; não implica amostra causal.,
15,amostra_municipal_direta_2024,logical,logical,escola × série,não aplicável,derivada no módulo 15,Amostra principal restrita à rede municipal direta em 2024.,
16,amostra_municipal_ampliada_2024,logical,logical,escola × série,não aplicável,derivada no módulo 15,Amostra principal no universo municipal ampliado de 2024.,
17,amostra_rede_operacional_2025,logical,logical,escola × série,não aplicável,derivada no módulo 15,Amostra principal no universo operacional da rede em 2025.,
18,incluir_universo_municipal_direto_2024,logical,logical,"escola, repetida na base escola × série",não aplicável,dim_contexto_escola_2024_final.csv,Variável incluir universo municipal direto 2024. Consulte a origem e o módulo de criação para definição operacional.,
19,incluir_universo_municipal_ampliado_2024,logical,logical,"escola, repetida na base escola × série",não aplicável,dim_contexto_escola_2024_final.csv,Variável incluir universo municipal ampliado 2024. Consulte a origem e o módulo de criação para definição operacional.,
20,incluir_rede_municipal_operacional_2025,logical,logical,"escola, repetida na base escola × série",não aplicável,dim_contexto_escola_2024_final.csv,Variável incluir rede municipal operacional 2025. Consulte a origem e o módulo de criação para definição operacional.,
21,grupo_administrativo_2024_final,character,character,"escola, repetida na base escola × série",não aplicável,dim_escola.csv | dim_contexto_escola_2024_final.csv,Variável grupo administrativo 2024 final. Consulte a origem e o módulo de criação para definição operacional.,
22,tipo_vinculo_rede_final,character,character,"escola, repetida na base escola × série",não aplicável,dim_contexto_escola_2024_final.csv,Variável tipo vinculo rede final. Consulte a origem e o módulo de criação para definição operacional.,
23,status_rede_2025_final,character,character,"escola, repetida na base escola × série",não aplicável,dim_contexto_escola_2024_final.csv,Variável status rede 2025 final. Consulte a origem e o módulo de criação para definição operacional.,
24,dependencia_administrativa_2024,character,character,"escola, repetida na base escola × série",não aplicável,dim_escola.csv | dim_contexto_escola_2024_final.csv,Variável dependencia administrativa 2024. Consulte a origem e o módulo de criação para definição operacional.,
25,situacao_funcionamento_2024,character,character,"escola, repetida na base escola × série",não aplicável,dim_escola.csv | dim_contexto_escola_2024_final.csv,Variável situacao funcionamento 2024. Consulte a origem e o módulo de criação para definição operacional.,
26,municipalizada_apos_2024,logical,logical,"escola, repetida na base escola × série",não aplicável,dim_contexto_escola_2024_final.csv,Variável municipalizada apos 2024. Consulte a origem e o módulo de criação para definição operacional.,
27,privada_vinculada_final,logical,logical,"escola, repetida na base escola × série",não aplicável,dim_contexto_escola_2024_final.csv,Variável privada vinculada final. Consulte a origem e o módulo de criação para definição operacional.,
28,matriculas_anos_iniciais,numeric,double,"escola, repetida na base escola × série",contagem,dim_contexto_escola_2024_final.csv,Matrículas nos anos iniciais segundo o contexto de 2024.,
29,turmas_anos_iniciais,numeric,double,"escola, repetida na base escola × série",contagem,dim_contexto_escola_2024_final.csv,Número de turmas dos anos iniciais no contexto de 2024.,
30,docentes_anos_iniciais,numeric,double,"escola, repetida na base escola × série",contagem,dim_contexto_escola_2024_final.csv,Número de docentes dos anos iniciais no contexto de 2024.,
31,alunos_por_turma_anos_iniciais,numeric,double,"escola, repetida na base escola × série",não aplicável,dim_contexto_escola_2024_final.csv,Variável alunos por turma anos iniciais. Consulte a origem e o módulo de criação para definição operacional.,
32,alunos_por_docente_anos_iniciais,numeric,double,"escola, repetida na base escola × série",não aplicável,dim_contexto_escola_2024_final.csv,Variável alunos por docente anos iniciais. Consulte a origem e o módulo de criação para definição operacional.,
33,pct_matriculas_anos_iniciais_integral,numeric,double,"escola, repetida na base escola × série",percentual ou ponto percentual,dim_contexto_escola_2024_final.csv,Variável pct matriculas anos iniciais integral. Consulte a origem e o módulo de criação para definição operacional.,
34,pct_matriculas_educacao_especial,numeric,double,"escola, repetida na base escola × série",percentual ou ponto percentual,dim_contexto_escola_2024_final.csv,Variável pct matriculas educacao especial. Consulte a origem e o módulo de criação para definição operacional.,
35,pct_matriculas_transporte_publico,numeric,double,"escola, repetida na base escola × série",percentual ou ponto percentual,dim_contexto_escola_2024_final.csv,Variável pct matriculas transporte publico. Consulte a origem e o módulo de criação para definição operacional.,
36,pct_matriculas_preta_parda_indigena,numeric,double,"escola, repetida na base escola × série",percentual ou ponto percentual,dim_contexto_escola_2024_final.csv,Variável pct matriculas preta parda indigena. Consulte a origem e o módulo de criação para definição operacional.,
37,numero_etapas_amplas_ofertadas,numeric,double,"escola, repetida na base escola × série",contagem,dim_contexto_escola_2024_final.csv,Variável numero etapas amplas ofertadas. Consulte a origem e o módulo de criação para definição operacional.,
38,indice_infraestrutura_basica,numeric,double,"escola, repetida na base escola × série",índice,dim_contexto_escola_2024_final.csv,Índice descritivo de disponibilidade de infraestrutura básica em 2024.,
39,quartil_infraestrutura_escola,character,character,"escola, repetida na base escola × série",não aplicável,base_contexto_desempenho_estratos_corrigidos.csv,Estrato de infraestrutura corrigido no nível da escola pelo módulo 13A.,
40,faixa_porte_contextual_escola,character,character,"escola, repetida na base escola × série",não aplicável,base_contexto_desempenho_estratos_corrigidos.csv,Faixa de porte contextual corrigida no nível da escola pelo módulo 13A.,
41,estratos_corrigidos_disponiveis,logical,logical,"escola, repetida na base escola × série",não aplicável,derivada no módulo 15,Variável estratos corrigidos disponiveis. Consulte a origem e o módulo de criação para definição operacional.,
42,previstos_2025,numeric,double,escola × série,contagem,variacao_escola_serie_com_qualidade.csv,Estudantes previstos na primeira avaliação formativa de 2025.,
43,avaliados_2025,numeric,double,escola × série,contagem,variacao_escola_serie_com_qualidade.csv,Estudantes avaliados na primeira avaliação formativa de 2025.,
44,taxa_participacao_2025,numeric,double,escola × série,percentual ou ponto percentual,variacao_escola_serie_com_qualidade.csv,Percentual de participação observado em 2025.,
45,proficiencia_media_2025,numeric,double,escola × série,escala de proficiência,variacao_escola_serie_com_qualidade.csv,Proficiência média ponderada pelos avaliados em 2025.,Resultado observacional; não atribuir causalmente ao assessoramento ou à assessora.
46,pct_defasagem_2025,numeric,double,escola × série,percentual ou ponto percentual,variacao_escola_serie_com_qualidade.csv,Percentual de estudantes no padrão defasagem em 2025.,Resultado observacional; não atribuir causalmente ao assessoramento ou à assessora.
47,pct_intermediario_2025,numeric,double,escola × série,percentual ou ponto percentual,variacao_escola_serie_com_qualidade.csv,Percentual de estudantes no padrão intermediário em 2025.,
48,pct_adequado_2025,numeric,double,escola × série,percentual ou ponto percentual,variacao_escola_serie_com_qualidade.csv,Percentual de estudantes no padrão adequado em 2025.,Resultado observacional; não atribuir causalmente ao assessoramento ou à assessora.
49,previstos_2026,numeric,double,escola × série,contagem,variacao_escola_serie_com_qualidade.csv,Estudantes previstos na primeira avaliação formativa de 2026.,
50,avaliados_2026,numeric,double,escola × série,contagem,variacao_escola_serie_com_qualidade.csv,Estudantes avaliados na primeira avaliação formativa de 2026.,
51,taxa_participacao_2026,numeric,double,escola × série,percentual ou ponto percentual,variacao_escola_serie_com_qualidade.csv,Percentual de participação observado em 2026.,
52,proficiencia_media_2026,numeric,double,escola × série,escala de proficiência,variacao_escola_serie_com_qualidade.csv,Proficiência média ponderada pelos avaliados em 2026.,Resultado observacional; não atribuir causalmente ao assessoramento ou à assessora.
53,pct_defasagem_2026,numeric,double,escola × série,percentual ou ponto percentual,variacao_escola_serie_com_qualidade.csv,Percentual de estudantes no padrão defasagem em 2026.,Resultado observacional; não atribuir causalmente ao assessoramento ou à assessora.
54,pct_intermediario_2026,numeric,double,escola × série,percentual ou ponto percentual,variacao_escola_serie_com_qualidade.csv,Percentual de estudantes no padrão intermediário em 2026.,
55,pct_adequado_2026,numeric,double,escola × série,percentual ou ponto percentual,variacao_escola_serie_com_qualidade.csv,Percentual de estudantes no padrão adequado em 2026.,Resultado observacional; não atribuir causalmente ao assessoramento ou à assessora.
56,peso_medio_avaliados,numeric,double,escola × série,contagem,derivada no módulo 15,"Média do número de avaliados em 2025 e 2026, usada apenas como peso descritivo.",
57,delta_participacao,numeric,double,escola × série,percentual ou ponto percentual,variacao_escola_serie_com_qualidade.csv,Diferença em pontos percentuais entre participação de 2026 e 2025.,Resultado observacional; não atribuir causalmente ao assessoramento ou à assessora.
58,delta_proficiencia,numeric,double,escola × série,escala de proficiência,variacao_escola_serie_com_qualidade.csv,Diferença observada entre proficiência de 2026 e 2025; sem interpretação causal.,Resultado observacional; não atribuir causalmente ao assessoramento ou à assessora.
59,delta_pct_defasagem,numeric,double,escola × série,percentual ou ponto percentual,variacao_escola_serie_com_qualidade.csv,Diferença em pontos percentuais no padrão defasagem entre 2026 e 2025.,Resultado observacional; não atribuir causalmente ao assessoramento ou à assessora.
60,delta_pct_intermediario,numeric,double,escola × série,percentual ou ponto percentual,variacao_escola_serie_com_qualidade.csv,Diferença em pontos percentuais no padrão intermediário entre 2026 e 2025.,Resultado observacional; não atribuir causalmente ao assessoramento ou à assessora.
61,delta_pct_adequado,numeric,double,escola × série,percentual ou ponto percentual,variacao_escola_serie_com_qualidade.csv,Diferença em pontos percentuais no padrão adequado entre 2026 e 2025.,Resultado observacional; não atribuir causalmente ao assessoramento ou à assessora.
62,variacao_relativa_previstos,numeric,double,escola × série,contagem,variacao_escola_serie_com_qualidade.csv,Variação percentual do número de previstos entre 2025 e 2026.,
63,variacao_relativa_avaliados,numeric,double,escola × série,contagem,variacao_escola_serie_com_qualidade.csv,Variação percentual do número de avaliados entre 2025 e 2026.,
64,observacao_composicao,character,character,escola × série,não aplicável,variacao_escola_serie_com_qualidade.csv,"Alerta descritivo sobre mudanças de participação, público previsto ou baixo número de avaliados.",
65,numero_turmas_2025,numeric,double,escola × série,contagem,variacao_escola_serie_com_qualidade.csv,Variável numero turmas 2025. Consulte a origem e o módulo de criação para definição operacional.,
66,numero_turmas_2026,numeric,double,escola × série,contagem,variacao_escola_serie_com_qualidade.csv,Variável numero turmas 2026. Consulte a origem e o módulo de criação para definição operacional.,
67,presente_2025,logical,logical,escola × série,não aplicável,variacao_escola_serie_com_qualidade.csv,Variável presente 2025. Consulte a origem e o módulo de criação para definição operacional.,
68,presente_2026,logical,logical,escola × série,não aplicável,variacao_escola_serie_com_qualidade.csv,Variável presente 2026. Consulte a origem e o módulo de criação para definição operacional.,
69,resultado_disponivel_2025,logical,logical,escola × série,não aplicável,variacao_escola_serie_com_qualidade.csv,Variável resultado disponivel 2025. Consulte a origem e o módulo de criação para definição operacional.,
70,resultado_disponivel_2026,logical,logical,escola × série,não aplicável,variacao_escola_serie_com_qualidade.csv,Variável resultado disponivel 2026. Consulte a origem e o módulo de criação para definição operacional.,
71,delta_numero_turmas,numeric,double,escola × série,contagem,variacao_escola_serie_com_qualidade.csv,Variável delta numero turmas. Consulte a origem e o módulo de criação para definição operacional.,Resultado observacional; não atribuir causalmente ao assessoramento ou à assessora.
72,delta_previstos,numeric,double,escola × série,contagem,variacao_escola_serie_com_qualidade.csv,Variável delta previstos. Consulte a origem e o módulo de criação para definição operacional.,Resultado observacional; não atribuir causalmente ao assessoramento ou à assessora.
73,delta_avaliados,numeric,double,escola × série,contagem,variacao_escola_serie_com_qualidade.csv,Variável delta avaliados. Consulte a origem e o módulo de criação para definição operacional.,Resultado observacional; não atribuir causalmente ao assessoramento ou à assessora.
74,participacao_minima_70_ambos,logical,logical,escola × série,não aplicável,variacao_escola_serie_com_qualidade.csv,Variável participacao minima 70 ambos. Consulte a origem e o módulo de criação para definição operacional.,
75,participacao_minima_80_ambos,logical,logical,escola × série,não aplicável,variacao_escola_serie_com_qualidade.csv,Variável participacao minima 80 ambos. Consulte a origem e o módulo de criação para definição operacional.,
76,participacao_minima_90_ambos,logical,logical,escola × série,não aplicável,variacao_escola_serie_com_qualidade.csv,Variável participacao minima 90 ambos. Consulte a origem e o módulo de criação para definição operacional.,
77,aumento_participacao_10pp,logical,logical,escola × série,não aplicável,variacao_escola_serie_com_qualidade.csv,Variável aumento participacao 10pp. Consulte a origem e o módulo de criação para definição operacional.,
78,queda_participacao_10pp,logical,logical,escola × série,não aplicável,variacao_escola_serie_com_qualidade.csv,Variável queda participacao 10pp. Consulte a origem e o módulo de criação para definição operacional.,
79,mudanca_previstos_20pct,logical,logical,escola × série,contagem,variacao_escola_serie_com_qualidade.csv,Variável mudanca previstos 20pct. Consulte a origem e o módulo de criação para definição operacional.,
80,turma_escola_pequena_2025,logical,logical,escola × série,não aplicável,variacao_escola_serie_com_qualidade.csv,Variável turma escola pequena 2025. Consulte a origem e o módulo de criação para definição operacional.,
81,turma_escola_pequena_2026,logical,logical,escola × série,não aplicável,variacao_escola_serie_com_qualidade.csv,Variável turma escola pequena 2026. Consulte a origem e o módulo de criação para definição operacional.,
82,nome_inep,character,character,"escola, repetida na base escola × série",não aplicável,dim_escola.csv | dim_contexto_escola_2024_final.csv,Variável nome inep. Consulte a origem e o módulo de criação para definição operacional.,
83,metodo_correspondencia_inep,character,character,"escola, repetida na base escola × série",não aplicável,dim_escola.csv | dim_contexto_escola_2024_final.csv,Variável metodo correspondencia inep. Consulte a origem e o módulo de criação para definição operacional.,
84,status_codigo_inep,character,character,"escola, repetida na base escola × série",não aplicável,dim_escola.csv | dim_contexto_escola_2024_final.csv,Variável status codigo inep. Consulte a origem e o módulo de criação para definição operacional.,
85,observacao_codigo_inep,character,character,"escola, repetida na base escola × série",não aplicável,dim_escola.csv | dim_contexto_escola_2024_final.csv,Variável observacao codigo inep. Consulte a origem e o módulo de criação para definição operacional.,
86,tipo_vinculo_rede,character,character,"escola, repetida na base escola × série",não aplicável,dim_escola.csv | dim_contexto_escola_2024_final.csv,Variável tipo vinculo rede. Consulte a origem e o módulo de criação para definição operacional.,
87,exposicao_2025_1av,integer,integer,"escola, repetida na base escola × série",não aplicável,dim_escola.csv | dim_contexto_escola_2024_final.csv,Variável exposicao 2025 1av. Consulte a origem e o módulo de criação para definição operacional.,
88,programa_iniciado_apos_2025_1av,logical,logical,"escola, repetida na base escola × série",não aplicável,dim_escola.csv | dim_contexto_escola_2024_final.csv,Variável programa iniciado apos 2025 1av. Consulte a origem e o módulo de criação para definição operacional.,
89,dose_assessoramento_observada,logical,logical,"escola, repetida na base escola × série",não aplicável,dim_escola.csv | dim_contexto_escola_2024_final.csv,Variável dose assessoramento observada. Consulte a origem e o módulo de criação para definição operacional.,
90,possivel_municipalizacao_recente,logical,logical,"escola, repetida na base escola × série",não aplicável,dim_escola.csv | dim_contexto_escola_2024_final.csv,Variável possivel municipalizacao recente. Consulte a origem e o módulo de criação para definição operacional.,
91,escola_nova_recente,character,character,"escola, repetida na base escola × série",não aplicável,dim_escola.csv | dim_contexto_escola_2024_final.csv,Variável escola nova recente. Consulte a origem e o módulo de criação para definição operacional.,
92,status_rede_2025,character,character,"escola, repetida na base escola × série",não aplicável,dim_escola.csv | dim_contexto_escola_2024_final.csv,Variável status rede 2025. Consulte a origem e o módulo de criação para definição operacional.,
93,observacao_historico,character,character,"escola, repetida na base escola × série",não aplicável,dim_escola.csv | dim_contexto_escola_2024_final.csv,Variável observacao historico. Consulte a origem e o módulo de criação para definição operacional.,
94,status_validacao,character,character,"escola, repetida na base escola × série",não aplicável,dim_escola.csv | dim_contexto_escola_2024_final.csv,Variável status validacao. Consulte a origem e o módulo de criação para definição operacional.,
95,ano_contexto,numeric,double,"escola, repetida na base escola × série",não aplicável,dim_contexto_escola_2024_final.csv,Variável ano contexto. Consulte a origem e o módulo de criação para definição operacional.,
96,fonte_contexto,character,character,"escola, repetida na base escola × série",não aplicável,dim_contexto_escola_2024_final.csv,Variável fonte contexto. Consulte a origem e o módulo de criação para definição operacional.,
97,contexto_pre_programa,logical,logical,"escola, repetida na base escola × série",não aplicável,dim_contexto_escola_2024_final.csv,Variável contexto pre programa. Consulte a origem e o módulo de criação para definição operacional.,
98,rede,numeric,double,"escola, repetida na base escola × série",não aplicável,dim_contexto_escola_2024_final.csv,Variável rede. Consulte a origem e o módulo de criação para definição operacional.,
99,tipo_categoria_escola_privada,numeric,double,"escola, repetida na base escola × série",não aplicável,dim_contexto_escola_2024_final.csv,Variável tipo categoria escola privada. Consulte a origem e o módulo de criação para definição operacional.,
100,tipo_localizacao,numeric,double,"escola, repetida na base escola × série",não aplicável,dim_contexto_escola_2024_final.csv,Variável tipo localizacao. Consulte a origem e o módulo de criação para definição operacional.,
101,tipo_localizacao_diferenciada,numeric,double,"escola, repetida na base escola × série",não aplicável,dim_contexto_escola_2024_final.csv,Variável tipo localizacao diferenciada. Consulte a origem e o módulo de criação para definição operacional.,
102,tipo_situacao_funcionamento,numeric,double,"escola, repetida na base escola × série",não aplicável,dim_contexto_escola_2024_final.csv,Variável tipo situacao funcionamento. Consulte a origem e o módulo de criação para definição operacional.,
103,poder_publico_parceria,numeric,double,"escola, repetida na base escola × série",não aplicável,dim_contexto_escola_2024_final.csv,Variável poder publico parceria. Consulte a origem e o módulo de criação para definição operacional.,
104,tipo_poder_publico_parceria,numeric,double,"escola, repetida na base escola × série",não aplicável,dim_contexto_escola_2024_final.csv,Variável tipo poder publico parceria. Consulte a origem e o módulo de criação para definição operacional.,
105,conveniada_poder_publico,logical,logical,"escola, repetida na base escola × série",não aplicável,dim_contexto_escola_2024_final.csv,Variável conveniada poder publico. Consulte a origem e o módulo de criação para definição operacional.,
106,tipo_convenio_poder_publico,logical,logical,"escola, repetida na base escola × série",não aplicável,dim_contexto_escola_2024_final.csv,Variável tipo convenio poder publico. Consulte a origem e o módulo de criação para definição operacional.,
107,porte_anos_iniciais,character,character,"escola, repetida na base escola × série",não aplicável,dim_contexto_escola_2024_final.csv,Variável porte anos iniciais. Consulte a origem e o módulo de criação para definição operacional.,
108,quartil_porte_anos_iniciais,numeric,double,"escola, repetida na base escola × série",não aplicável,dim_contexto_escola_2024_final.csv,Variável quartil porte anos iniciais. Consulte a origem e o módulo de criação para definição operacional.,
109,ano,integer,integer,"escola, repetida na base escola × série",não aplicável,dim_contexto_escola_2024_final.csv,Variável ano. Consulte a origem e o módulo de criação para definição operacional.,
110,sigla_uf,character,character,"escola, repetida na base escola × série",não aplicável,dim_contexto_escola_2024_final.csv,Variável sigla uf. Consulte a origem e o módulo de criação para definição operacional.,
111,id_municipio,numeric,double,"escola, repetida na base escola × série",não aplicável,dim_contexto_escola_2024_final.csv,Variável id municipio. Consulte a origem e o módulo de criação para definição operacional.,
112,vinculo_secretaria_educacao,numeric,double,"escola, repetida na base escola × série",não aplicável,dim_contexto_escola_2024_final.csv,Variável vinculo secretaria educacao. Consulte a origem e o módulo de criação para definição operacional.,
113,etapa_ensino_infantil,numeric,double,"escola, repetida na base escola × série",não aplicável,dim_contexto_escola_2024_final.csv,Variável etapa ensino infantil. Consulte a origem e o módulo de criação para definição operacional.,
114,etapa_ensino_fundamental,numeric,double,"escola, repetida na base escola × série",não aplicável,dim_contexto_escola_2024_final.csv,Variável etapa ensino fundamental. Consulte a origem e o módulo de criação para definição operacional.,
115,etapa_ensino_fundamental_anos_iniciais,numeric,double,"escola, repetida na base escola × série",não aplicável,dim_contexto_escola_2024_final.csv,Variável etapa ensino fundamental anos iniciais. Consulte a origem e o módulo de criação para definição operacional.,
116,etapa_ensino_fundamental_anos_finais,numeric,double,"escola, repetida na base escola × série",não aplicável,dim_contexto_escola_2024_final.csv,Variável etapa ensino fundamental anos finais. Consulte a origem e o módulo de criação para definição operacional.,
117,etapa_ensino_medio,numeric,double,"escola, repetida na base escola × série",não aplicável,dim_contexto_escola_2024_final.csv,Variável etapa ensino medio. Consulte a origem e o módulo de criação para definição operacional.,
118,etapa_ensino_eja,numeric,double,"escola, repetida na base escola × série",não aplicável,dim_contexto_escola_2024_final.csv,Variável etapa ensino eja. Consulte a origem e o módulo de criação para definição operacional.,
119,etapa_ensino_especial,numeric,double,"escola, repetida na base escola × série",não aplicável,dim_contexto_escola_2024_final.csv,Variável etapa ensino especial. Consulte a origem e o módulo de criação para definição operacional.,
120,quantidade_matricula_educacao_basica,numeric,double,"escola, repetida na base escola × série",não aplicável,dim_contexto_escola_2024_final.csv,Variável quantidade matricula educacao basica. Consulte a origem e o módulo de criação para definição operacional.,
121,quantidade_matricula_infantil,numeric,double,"escola, repetida na base escola × série",não aplicável,dim_contexto_escola_2024_final.csv,Variável quantidade matricula infantil. Consulte a origem e o módulo de criação para definição operacional.,
122,quantidade_matricula_fundamental,numeric,double,"escola, repetida na base escola × série",não aplicável,dim_contexto_escola_2024_final.csv,Variável quantidade matricula fundamental. Consulte a origem e o módulo de criação para definição operacional.,
123,quantidade_matricula_fundamental_anos_iniciais,numeric,double,"escola, repetida na base escola × série",não aplicável,dim_contexto_escola_2024_final.csv,Variável quantidade matricula fundamental anos iniciais. Consulte a origem e o módulo de criação para definição operacional.,
124,quantidade_matricula_fundamental_1_ano,numeric,double,"escola, repetida na base escola × série",não aplicável,dim_contexto_escola_2024_final.csv,Variável quantidade matricula fundamental 1 ano. Consulte a origem e o módulo de criação para definição operacional.,
125,quantidade_matricula_fundamental_2_ano,numeric,double,"escola, repetida na base escola × série",não aplicável,dim_contexto_escola_2024_final.csv,Variável quantidade matricula fundamental 2 ano. Consulte a origem e o módulo de criação para definição operacional.,
126,quantidade_matricula_fundamental_3_ano,numeric,double,"escola, repetida na base escola × série",não aplicável,dim_contexto_escola_2024_final.csv,Variável quantidade matricula fundamental 3 ano. Consulte a origem e o módulo de criação para definição operacional.,
127,quantidade_matricula_fundamental_4_ano,numeric,double,"escola, repetida na base escola × série",não aplicável,dim_contexto_escola_2024_final.csv,Variável quantidade matricula fundamental 4 ano. Consulte a origem e o módulo de criação para definição operacional.,
128,quantidade_matricula_fundamental_5_ano,numeric,double,"escola, repetida na base escola × série",não aplicável,dim_contexto_escola_2024_final.csv,Variável quantidade matricula fundamental 5 ano. Consulte a origem e o módulo de criação para definição operacional.,
129,quantidade_matricula_fundamental_anos_finais,numeric,double,"escola, repetida na base escola × série",não aplicável,dim_contexto_escola_2024_final.csv,Variável quantidade matricula fundamental anos finais. Consulte a origem e o módulo de criação para definição operacional.,
130,quantidade_matricula_eja,numeric,double,"escola, repetida na base escola × série",não aplicável,dim_contexto_escola_2024_final.csv,Variável quantidade matricula eja. Consulte a origem e o módulo de criação para definição operacional.,
131,quantidade_matricula_especial,numeric,double,"escola, repetida na base escola × série",não aplicável,dim_contexto_escola_2024_final.csv,Variável quantidade matricula especial. Consulte a origem e o módulo de criação para definição operacional.,
132,quantidade_matricula_especial_comum,numeric,double,"escola, repetida na base escola × série",não aplicável,dim_contexto_escola_2024_final.csv,Variável quantidade matricula especial comum. Consulte a origem e o módulo de criação para definição operacional.,
133,quantidade_matricula_especial_exclusiva,numeric,double,"escola, repetida na base escola × série",não aplicável,dim_contexto_escola_2024_final.csv,Variável quantidade matricula especial exclusiva. Consulte a origem e o módulo de criação para definição operacional.,
134,quantidade_matricula_feminino,numeric,double,"escola, repetida na base escola × série",não aplicável,dim_contexto_escola_2024_final.csv,Variável quantidade matricula feminino. Consulte a origem e o módulo de criação para definição operacional.,
135,quantidade_matricula_masculino,numeric,double,"escola, repetida na base escola × série",não aplicável,dim_contexto_escola_2024_final.csv,Variável quantidade matricula masculino. Consulte a origem e o módulo de criação para definição operacional.,
136,quantidade_matricula_branca,numeric,double,"escola, repetida na base escola × série",não aplicável,dim_contexto_escola_2024_final.csv,Variável quantidade matricula branca. Consulte a origem e o módulo de criação para definição operacional.,
137,quantidade_matricula_preta,numeric,double,"escola, repetida na base escola × série",não aplicável,dim_contexto_escola_2024_final.csv,Variável quantidade matricula preta. Consulte a origem e o módulo de criação para definição operacional.,
138,quantidade_matricula_parda,numeric,double,"escola, repetida na base escola × série",não aplicável,dim_contexto_escola_2024_final.csv,Variável quantidade matricula parda. Consulte a origem e o módulo de criação para definição operacional.,
139,quantidade_matricula_amarela,numeric,double,"escola, repetida na base escola × série",não aplicável,dim_contexto_escola_2024_final.csv,Variável quantidade matricula amarela. Consulte a origem e o módulo de criação para definição operacional.,
140,quantidade_matricula_indigena,numeric,double,"escola, repetida na base escola × série",não aplicável,dim_contexto_escola_2024_final.csv,Variável quantidade matricula indigena. Consulte a origem e o módulo de criação para definição operacional.,
141,quantidade_matricula_nao_declarada,numeric,double,"escola, repetida na base escola × série",não aplicável,dim_contexto_escola_2024_final.csv,Variável quantidade matricula nao declarada. Consulte a origem e o módulo de criação para definição operacional.,
142,quantidade_matricula_fundamental_integral,numeric,double,"escola, repetida na base escola × série",não aplicável,dim_contexto_escola_2024_final.csv,Variável quantidade matricula fundamental integral. Consulte a origem e o módulo de criação para definição operacional.,
143,quantidade_matricula_fundamental_anos_iniciais_integral,numeric,double,"escola, repetida na base escola × série",não aplicável,dim_contexto_escola_2024_final.csv,Variável quantidade matricula fundamental anos iniciais integral. Consulte a origem e o módulo de criação para definição operacional.,
144,quantidade_matricula_fundamental_anos_finais_integral,numeric,double,"escola, repetida na base escola × série",não aplicável,dim_contexto_escola_2024_final.csv,Variável quantidade matricula fundamental anos finais integral. Consulte a origem e o módulo de criação para definição operacional.,
145,quantidade_matricula_utiliza_transporte_publico,numeric,double,"escola, repetida na base escola × série",não aplicável,dim_contexto_escola_2024_final.csv,Variável quantidade matricula utiliza transporte publico. Consulte a origem e o módulo de criação para definição operacional.,
146,quantidade_docente_educacao_basica,numeric,double,"escola, repetida na base escola × série",não aplicável,dim_contexto_escola_2024_final.csv,Variável quantidade docente educacao basica. Consulte a origem e o módulo de criação para definição operacional.,
147,quantidade_docente_fundamental,numeric,double,"escola, repetida na base escola × série",não aplicável,dim_contexto_escola_2024_final.csv,Variável quantidade docente fundamental. Consulte a origem e o módulo de criação para definição operacional.,
148,quantidade_docente_fundamental_anos_iniciais,numeric,double,"escola, repetida na base escola × série",não aplicável,dim_contexto_escola_2024_final.csv,Variável quantidade docente fundamental anos iniciais. Consulte a origem e o módulo de criação para definição operacional.,
149,quantidade_docente_fundamental_anos_finais,numeric,double,"escola, repetida na base escola × série",não aplicável,dim_contexto_escola_2024_final.csv,Variável quantidade docente fundamental anos finais. Consulte a origem e o módulo de criação para definição operacional.,
150,quantidade_docente_especial,numeric,double,"escola, repetida na base escola × série",não aplicável,dim_contexto_escola_2024_final.csv,Variável quantidade docente especial. Consulte a origem e o módulo de criação para definição operacional.,
151,quantidade_turma_educacao_basica,numeric,double,"escola, repetida na base escola × série",não aplicável,dim_contexto_escola_2024_final.csv,Variável quantidade turma educacao basica. Consulte a origem e o módulo de criação para definição operacional.,
152,quantidade_turma_fundamental,numeric,double,"escola, repetida na base escola × série",não aplicável,dim_contexto_escola_2024_final.csv,Variável quantidade turma fundamental. Consulte a origem e o módulo de criação para definição operacional.,
153,quantidade_turma_fundamental_anos_iniciais,numeric,double,"escola, repetida na base escola × série",não aplicável,dim_contexto_escola_2024_final.csv,Variável quantidade turma fundamental anos iniciais. Consulte a origem e o módulo de criação para definição operacional.,
154,quantidade_turma_fundamental_anos_finais,numeric,double,"escola, repetida na base escola × série",não aplicável,dim_contexto_escola_2024_final.csv,Variável quantidade turma fundamental anos finais. Consulte a origem e o módulo de criação para definição operacional.,
155,quantidade_turma_fundamental_integral,numeric,double,"escola, repetida na base escola × série",não aplicável,dim_contexto_escola_2024_final.csv,Variável quantidade turma fundamental integral. Consulte a origem e o módulo de criação para definição operacional.,
156,quantidade_sala_existente,logical,logical,"escola, repetida na base escola × série",não aplicável,dim_contexto_escola_2024_final.csv,Variável quantidade sala existente. Consulte a origem e o módulo de criação para definição operacional.,
157,quantidade_sala_utilizada,numeric,double,"escola, repetida na base escola × série",não aplicável,dim_contexto_escola_2024_final.csv,Variável quantidade sala utilizada. Consulte a origem e o módulo de criação para definição operacional.,
158,quantidade_sala_utilizada_climatizada,numeric,double,"escola, repetida na base escola × série",não aplicável,dim_contexto_escola_2024_final.csv,Variável quantidade sala utilizada climatizada. Consulte a origem e o módulo de criação para definição operacional.,
159,quantidade_sala_utilizada_acessivel,numeric,double,"escola, repetida na base escola × série",não aplicável,dim_contexto_escola_2024_final.csv,Variável quantidade sala utilizada acessivel. Consulte a origem e o módulo de criação para definição operacional.,
160,agua_potavel,numeric,double,"escola, repetida na base escola × série",não aplicável,dim_contexto_escola_2024_final.csv,Variável agua potavel. Consulte a origem e o módulo de criação para definição operacional.,
161,agua_rede_publica,numeric,double,"escola, repetida na base escola × série",não aplicável,dim_contexto_escola_2024_final.csv,Variável agua rede publica. Consulte a origem e o módulo de criação para definição operacional.,
162,energia_rede_publica,numeric,double,"escola, repetida na base escola × série",não aplicável,dim_contexto_escola_2024_final.csv,Variável energia rede publica. Consulte a origem e o módulo de criação para definição operacional.,
163,esgoto_rede_publica,numeric,double,"escola, repetida na base escola × série",não aplicável,dim_contexto_escola_2024_final.csv,Variável esgoto rede publica. Consulte a origem e o módulo de criação para definição operacional.,
164,biblioteca,numeric,double,"escola, repetida na base escola × série",não aplicável,dim_contexto_escola_2024_final.csv,Variável biblioteca. Consulte a origem e o módulo de criação para definição operacional.,
165,biblioteca_sala_leitura,numeric,double,"escola, repetida na base escola × série",não aplicável,dim_contexto_escola_2024_final.csv,Variável biblioteca sala leitura. Consulte a origem e o módulo de criação para definição operacional.,
166,sala_leitura,numeric,double,"escola, repetida na base escola × série",não aplicável,dim_contexto_escola_2024_final.csv,Variável sala leitura. Consulte a origem e o módulo de criação para definição operacional.,
167,laboratorio_ciencias,numeric,double,"escola, repetida na base escola × série",não aplicável,dim_contexto_escola_2024_final.csv,Variável laboratorio ciencias. Consulte a origem e o módulo de criação para definição operacional.,
168,laboratorio_informatica,numeric,double,"escola, repetida na base escola × série",não aplicável,dim_contexto_escola_2024_final.csv,Variável laboratorio informatica. Consulte a origem e o módulo de criação para definição operacional.,
169,quadra_esportes,numeric,double,"escola, repetida na base escola × série",não aplicável,dim_contexto_escola_2024_final.csv,Variável quadra esportes. Consulte a origem e o módulo de criação para definição operacional.,
170,quadra_esportes_coberta,numeric,double,"escola, repetida na base escola × série",não aplicável,dim_contexto_escola_2024_final.csv,Variável quadra esportes coberta. Consulte a origem e o módulo de criação para definição operacional.,
171,internet,numeric,double,"escola, repetida na base escola × série",não aplicável,dim_contexto_escola_2024_final.csv,Variável internet. Consulte a origem e o módulo de criação para definição operacional.,
172,internet_aprendizagem,numeric,double,"escola, repetida na base escola × série",não aplicável,dim_contexto_escola_2024_final.csv,Variável internet aprendizagem. Consulte a origem e o módulo de criação para definição operacional.,
173,internet_alunos,numeric,double,"escola, repetida na base escola × série",não aplicável,dim_contexto_escola_2024_final.csv,Variável internet alunos. Consulte a origem e o módulo de criação para definição operacional.,
174,acessibilidade_rampas,numeric,double,"escola, repetida na base escola × série",não aplicável,dim_contexto_escola_2024_final.csv,Variável acessibilidade rampas. Consulte a origem e o módulo de criação para definição operacional.,
175,acessibilidade_corrimao,numeric,double,"escola, repetida na base escola × série",não aplicável,dim_contexto_escola_2024_final.csv,Variável acessibilidade corrimao. Consulte a origem e o módulo de criação para definição operacional.,
176,acessibilidade_pisos_tateis,numeric,double,"escola, repetida na base escola × série",não aplicável,dim_contexto_escola_2024_final.csv,Variável acessibilidade pisos tateis. Consulte a origem e o módulo de criação para definição operacional.,
177,acessibilidade_elevador,numeric,double,"escola, repetida na base escola × série",não aplicável,dim_contexto_escola_2024_final.csv,Variável acessibilidade elevador. Consulte a origem e o módulo de criação para definição operacional.,
178,acessibilidade_inexistente,numeric,double,"escola, repetida na base escola × série",não aplicável,dim_contexto_escola_2024_final.csv,Variável acessibilidade inexistente. Consulte a origem e o módulo de criação para definição operacional.,
179,banheiro,numeric,double,"escola, repetida na base escola × série",não aplicável,dim_contexto_escola_2024_final.csv,Variável banheiro. Consulte a origem e o módulo de criação para definição operacional.,
180,banheiro_pne,numeric,double,"escola, repetida na base escola × série",não aplicável,dim_contexto_escola_2024_final.csv,Variável banheiro pne. Consulte a origem e o módulo de criação para definição operacional.,
181,cozinha,numeric,double,"escola, repetida na base escola × série",não aplicável,dim_contexto_escola_2024_final.csv,Variável cozinha. Consulte a origem e o módulo de criação para definição operacional.,
182,refeitorio,numeric,double,"escola, repetida na base escola × série",não aplicável,dim_contexto_escola_2024_final.csv,Variável refeitorio. Consulte a origem e o módulo de criação para definição operacional.,
183,alimentacao,numeric,double,"escola, repetida na base escola × série",não aplicável,dim_contexto_escola_2024_final.csv,Variável alimentacao. Consulte a origem e o módulo de criação para definição operacional.,
184,sala_atendimento_especial,numeric,double,"escola, repetida na base escola × série",não aplicável,dim_contexto_escola_2024_final.csv,Variável sala atendimento especial. Consulte a origem e o módulo de criação para definição operacional.,
185,quantidade_computador,logical,logical,"escola, repetida na base escola × série",não aplicável,dim_contexto_escola_2024_final.csv,Variável quantidade computador. Consulte a origem e o módulo de criação para definição operacional.,
186,quantidade_computador_aluno,logical,logical,"escola, repetida na base escola × série",não aplicável,dim_contexto_escola_2024_final.csv,Variável quantidade computador aluno. Consulte a origem e o módulo de criação para definição operacional.,
187,quantidade_computador_portatil_aluno,numeric,double,"escola, repetida na base escola × série",não aplicável,dim_contexto_escola_2024_final.csv,Variável quantidade computador portatil aluno. Consulte a origem e o módulo de criação para definição operacional.,
188,quantidade_tablet_aluno,numeric,double,"escola, repetida na base escola × série",não aplicável,dim_contexto_escola_2024_final.csv,Variável quantidade tablet aluno. Consulte a origem e o módulo de criação para definição operacional.,
189,quantidade_profissional_bibliotecario,numeric,double,"escola, repetida na base escola × série",não aplicável,dim_contexto_escola_2024_final.csv,Variável quantidade profissional bibliotecario. Consulte a origem e o módulo de criação para definição operacional.,
190,quantidade_profissional_coordenador,numeric,double,"escola, repetida na base escola × série",não aplicável,dim_contexto_escola_2024_final.csv,Variável quantidade profissional coordenador. Consulte a origem e o módulo de criação para definição operacional.,
191,quantidade_profissional_psicologo,numeric,double,"escola, repetida na base escola × série",não aplicável,dim_contexto_escola_2024_final.csv,Variável quantidade profissional psicologo. Consulte a origem e o módulo de criação para definição operacional.,
192,quantidade_profissional_assistente_social,numeric,double,"escola, repetida na base escola × série",não aplicável,dim_contexto_escola_2024_final.csv,Variável quantidade profissional assistente social. Consulte a origem e o módulo de criação para definição operacional.,
193,quantidade_profissional_monitor,numeric,double,"escola, repetida na base escola × série",não aplicável,dim_contexto_escola_2024_final.csv,Variável quantidade profissional monitor. Consulte a origem e o módulo de criação para definição operacional.,
194,quantidade_profissional_pedagogia,numeric,double,"escola, repetida na base escola × série",não aplicável,dim_contexto_escola_2024_final.csv,Variável quantidade profissional pedagogia. Consulte a origem e o módulo de criação para definição operacional.,
195,oferta_educacao_infantil,logical,logical,"escola, repetida na base escola × série",não aplicável,dim_contexto_escola_2024_final.csv,Variável oferta educacao infantil. Consulte a origem e o módulo de criação para definição operacional.,
196,oferta_anos_iniciais,logical,logical,"escola, repetida na base escola × série",não aplicável,dim_contexto_escola_2024_final.csv,Variável oferta anos iniciais. Consulte a origem e o módulo de criação para definição operacional.,
197,oferta_anos_finais,logical,logical,"escola, repetida na base escola × série",não aplicável,dim_contexto_escola_2024_final.csv,Variável oferta anos finais. Consulte a origem e o módulo de criação para definição operacional.,
198,oferta_eja,logical,logical,"escola, repetida na base escola × série",não aplicável,dim_contexto_escola_2024_final.csv,Variável oferta eja. Consulte a origem e o módulo de criação para definição operacional.,
199,oferta_educacao_especial,logical,logical,"escola, repetida na base escola × série",não aplicável,dim_contexto_escola_2024_final.csv,Variável oferta educacao especial. Consulte a origem e o módulo de criação para definição operacional.,
200,numero_itens_infraestrutura_disponiveis,numeric,double,"escola, repetida na base escola × série",contagem,dim_contexto_escola_2024_final.csv,Variável numero itens infraestrutura disponiveis. Consulte a origem e o módulo de criação para definição operacional.,
201,numero_itens_infraestrutura_presentes,numeric,double,"escola, repetida na base escola × série",contagem,dim_contexto_escola_2024_final.csv,Variável numero itens infraestrutura presentes. Consulte a origem e o módulo de criação para definição operacional.,
202,possui_espaco_leitura,logical,logical,"escola, repetida na base escola × série",não aplicável,dim_contexto_escola_2024_final.csv,Variável possui espaco leitura. Consulte a origem e o módulo de criação para definição operacional.,
203,possui_recurso_acessibilidade,logical,logical,"escola, repetida na base escola × série",não aplicável,dim_contexto_escola_2024_final.csv,Variável possui recurso acessibilidade. Consulte a origem e o módulo de criação para definição operacional.,
204,codigo_situacao_funcionamento,numeric,double,"escola, repetida na base escola × série",não aplicável,dim_contexto_escola_2024_final.csv,Variável codigo situacao funcionamento. Consulte a origem e o módulo de criação para definição operacional.,
205,codigo_rede_2024,numeric,double,"escola, repetida na base escola × série",não aplicável,dim_contexto_escola_2024_final.csv,Variável codigo rede 2024. Consulte a origem e o módulo de criação para definição operacional.,
206,alerta_sem_linha_2024,logical,logical,"escola, repetida na base escola × série",não aplicável,dim_contexto_escola_2024_final.csv,Variável alerta sem linha 2024. Consulte a origem e o módulo de criação para definição operacional.,
207,alerta_sem_matriculas_anos_iniciais,logical,logical,"escola, repetida na base escola × série",contagem,dim_contexto_escola_2024_final.csv,Variável alerta sem matriculas anos iniciais. Consulte a origem e o módulo de criação para definição operacional.,
208,alerta_sem_turmas_anos_iniciais,logical,logical,"escola, repetida na base escola × série",contagem,dim_contexto_escola_2024_final.csv,Variável alerta sem turmas anos iniciais. Consulte a origem e o módulo de criação para definição operacional.,
209,alerta_sem_docentes_anos_iniciais,logical,logical,"escola, repetida na base escola × série",contagem,dim_contexto_escola_2024_final.csv,Variável alerta sem docentes anos iniciais. Consulte a origem e o módulo de criação para definição operacional.,
210,alerta_matriculas_sem_turmas,logical,logical,"escola, repetida na base escola × série",contagem,dim_contexto_escola_2024_final.csv,Variável alerta matriculas sem turmas. Consulte a origem e o módulo de criação para definição operacional.,
211,alerta_matriculas_sem_docentes,logical,logical,"escola, repetida na base escola × série",contagem,dim_contexto_escola_2024_final.csv,Variável alerta matriculas sem docentes. Consulte a origem e o módulo de criação para definição operacional.,
212,alerta_nao_ativa_2024,logical,logical,"escola, repetida na base escola × série",não aplicável,dim_contexto_escola_2024_final.csv,Variável alerta nao ativa 2024. Consulte a origem e o módulo de criação para definição operacional.,
213,caso_historico_administrativo,character,character,"escola, repetida na base escola × série",não aplicável,dim_contexto_escola_2024_final.csv,Variável caso historico administrativo. Consulte a origem e o módulo de criação para definição operacional.,
214,requer_revisao_tecnica,logical,logical,"escola, repetida na base escola × série",não aplicável,dim_contexto_escola_2024_final.csv,Variável requer revisao tecnica. Consulte a origem e o módulo de criação para definição operacional.,
215,motivo_revisao_tecnica,character,character,"escola, repetida na base escola × série",não aplicável,dim_contexto_escola_2024_final.csv,Variável motivo revisao tecnica. Consulte a origem e o módulo de criação para definição operacional.,
216,escola_ativa_2024,logical,logical,"escola, repetida na base escola × série",não aplicável,dim_contexto_escola_2024_final.csv,Variável escola ativa 2024. Consulte a origem e o módulo de criação para definição operacional.,
217,vinculo_privado_explicito,logical,logical,"escola, repetida na base escola × série",não aplicável,dim_contexto_escola_2024_final.csv,Variável vinculo privado explicito. Consulte a origem e o módulo de criação para definição operacional.,
218,grupo_administrativo_2024,character,character,"escola, repetida na base escola × série",não aplicável,dim_contexto_escola_2024_final.csv,Variável grupo administrativo 2024. Consulte a origem e o módulo de criação para definição operacional.,
219,divergencia_censo_cadastro,logical,logical,"escola, repetida na base escola × série",não aplicável,dim_contexto_escola_2024_final.csv,Variável divergencia censo cadastro. Consulte a origem e o módulo de criação para definição operacional.,
220,tipo_divergencia_administrativa,character,character,"escola, repetida na base escola × série",não aplicável,dim_contexto_escola_2024_final.csv,Variável tipo divergencia administrativa. Consulte a origem e o módulo de criação para definição operacional.,
221,incluir_contexto_descritivo_2024,logical,logical,"escola, repetida na base escola × série",não aplicável,dim_contexto_escola_2024_final.csv,Variável incluir contexto descritivo 2024. Consulte a origem e o módulo de criação para definição operacional.,
222,motivo_nao_inclusao_universo_estrito,character,character,"escola, repetida na base escola × série",não aplicável,dim_contexto_escola_2024_final.csv,Variável motivo nao inclusao universo estrito. Consulte a origem e o módulo de criação para definição operacional.,
223,decisao_manual,character,character,"escola, repetida na base escola × série",não aplicável,dim_contexto_escola_2024_final.csv,Variável decisao manual. Consulte a origem e o módulo de criação para definição operacional.,
224,tipo_vinculo_rede_corrigido,character,character,"escola, repetida na base escola × série",não aplicável,dim_contexto_escola_2024_final.csv,Variável tipo vinculo rede corrigido. Consulte a origem e o módulo de criação para definição operacional.,
225,status_rede_2025_corrigido,character,character,"escola, repetida na base escola × série",não aplicável,dim_contexto_escola_2024_final.csv,Variável status rede 2025 corrigido. Consulte a origem e o módulo de criação para definição operacional.,
226,observacao_manual,character,character,"escola, repetida na base escola × série",não aplicável,dim_contexto_escola_2024_final.csv,Variável observacao manual. Consulte a origem e o módulo de criação para definição operacional.,
227,observacao_administrativa_final,character,character,"escola, repetida na base escola × série",não aplicável,dim_contexto_escola_2024_final.csv,Variável observacao administrativa final. Consulte a origem e o módulo de criação para definição operacional.,
228,utilizar_indicadores_matriculas,logical,logical,"escola, repetida na base escola × série",contagem,dim_contexto_escola_2024_final.csv,Variável utilizar indicadores matriculas. Consulte a origem e o módulo de criação para definição operacional.,
229,utilizar_indicadores_turmas_docentes,logical,logical,"escola, repetida na base escola × série",contagem,dim_contexto_escola_2024_final.csv,Variável utilizar indicadores turmas docentes. Consulte a origem e o módulo de criação para definição operacional.,
230,utilizar_indicadores_infraestrutura,logical,logical,"escola, repetida na base escola × série",não aplicável,dim_contexto_escola_2024_final.csv,Variável utilizar indicadores infraestrutura. Consulte a origem e o módulo de criação para definição operacional.,
231,log_matriculas_anos_iniciais,numeric,double,escola × série,contagem,derivada no módulo 15,Variável log matriculas anos iniciais. Consulte a origem e o módulo de criação para definição operacional.,
