id_escola,nome,id_municipio,chave_nome_inep
43191118,CRECHE FRANCESCA ZACARO FARACO,4314902,CRECHE FRANCESCA ZACARO FARACO
43206581,CENTRO DE EDUCACAO TECNOLOGICA E PESQUISA EM SAUDE - CETPS - ESCOLA GHC,4314902,CENTRO DE EDUCACAO TECNOLOGICA E PESQUISA EM SAUDE CETPS GHC
43105009,COLEGIO MILITAR DE PORTO ALEGRE,4314902,COLEGIO MILITAR DE PORTO ALEGRE
43105726,INSTITUTO FEDERAL DE EDUCACAO CIENCIA E TECNOLOGIA DO RS - CAMPUS PORTO ALEGRE,4314902,INSTITUTO FEDERAL DE EDUCACAO CIENCIA E TECNOLOGIA DO RS CAMPUS PORTO ALEGRE
43104932,COLEGIO DE APLICACAO UFRGS,4314902,COLEGIO DE APLICACAO UFRGS
43001190,IFRS - CAMPUS PORTO ALEGRE RESTINGA,4314902,IFRS CAMPUS PORTO ALEGRE RESTINGA
43148670,ESCOLA DE EDUCACAO INFANTIL SMART KIDS,4314902,DE EDUCACAO INFANTIL SMART KIDS
43001831,EEI PEIXINHOS DO MAR,4314902,EEI PEIXINHOS DO MAR
43191975,CENTRO DE APRENDIZAGEM INFANTIL CRIANCA E CIA,4314902,CENTRO DE APRENDIZAGEM INFANTIL CRIANCA E CIA
43004890,EEI AMORMEUZINHO,4314902,EEI AMORMEUZINHO
43047653,EEI IMAGINAR E CRIAR,4314902,EEI IMAGINAR E CRIAR
43209688,ESCOLA DE EDUCACAO INFANTIL BEIJA-FLOR,4314902,DE EDUCACAO INFANTIL BEIJA FLOR
43187641,MAMAE DEIXA RECREACOES INFANTIS LTDA,4314902,MAMAE DEIXA RECREACOES INFANTIS LTDA
43208908,EEI PRIMEIROS PASSOS,4314902,EEI PRIMEIROS PASSOS
43191525,EDUCARTE ESCOLA DE EDUCACAO INFANTIL LTDA,4314902,EDUCARTE DE EDUCACAO INFANTIL LTDA
43190359,ESCOLA DE EDUCACAO INFANTIL O CRESCER,4314902,DE EDUCACAO INFANTIL O CRESCER
43210538,EEI TIA VERA,4314902,EEI TIA VERA
43296190,EEI SEIS MORANGUINHOS,4314902,EEI SEIS MORANGUINHOS
43009298,EEI CADE O AUAU II,4314902,EEI CADE O AUAU II
43002030,EEI CAMBALHOTA,4314902,EEI CAMBALHOTA
43190170,EEI SAO FRANCISCO,4314902,EEI SAO FRANCISCO
43209289,INST EDUC INF MAE COMERCIARIA I,4314902,INST EDUC INF MAE COMERCIARIA I
43004288,EEI ECOVILLE KIDS,4314902,EEI ECOVILLE KIDS
43149057,ESCOLA DE EDUCACAO INFANTIL PROJETO EDUCAR,4314902,DE EDUCACAO INFANTIL PROJETO EDUCAR
43188079,5092 EEI NOSSA SENHORA DA SAUDE,4314902,5092 EEI NOSSA SENHORA DA SAUDE
43188168,EEI MARISTA NOSSA SENHORA APARECIDA DAS AGUAS,4314902,EEI MARISTA NOSSA SENHORA APARECIDA DAS AGUAS
43185223,5101 EEI BEM-ME-QUER,4314902,5101 EEI BEM ME QUER
43004261,EEI SO BEBE,4314902,EEI SO BEBE
43142400,EEI CONSTRUINDO O AMANHA VILA NOVA,4314902,EEI CONSTRUINDO O AMANHA VILA NOVA
43046460,ESCOLA DE EDUCACAO INFANTIL LILADIM LTDA,4314902,DE EDUCACAO INFANTIL LILADIM LTDA
43190367,5011 IEI MARIA DE NAZARE,4314902,5011 IEI MARIA DE NAZARE
43190138,PLANETA INFANTIL,4314902,PLANETA INFANTIL
43191282,ESCOLA DE EDUCACAO INFANTIL PLANETA KIDS,4314902,DE EDUCACAO INFANTIL PLANETA KIDS
43185452,5093 EEI RECANTO DA CRIANCA FELIZ,4314902,5093 EEI RECANTO DA CRIANCA FELIZ
43142532,EEI A CASINHA DA VOVO,4314902,EEI A CASINHA DA VOVO
43009077,EEI BOSQUE ENCANTADO,4314902,EEI BOSQUE ENCANTADO
43209734,CENTRO EDUCACIONAL DESENVOLVER LTDA,4314902,CENTRO EDUCACIONAL DESENVOLVER LTDA
43002803,COLEGIO MARISTA IRMAO JAIME BIAZUS,4314902,COLEGIO MARISTA IRMAO JAIME BIAZUS
43186700,COLEGIO UNIFICADO INDEPENDENCIA,4314902,COLEGIO UNIFICADO INDEPENDENCIA
43191983,COLEGIO UNIFICADO IGUATEMI,4314902,COLEGIO UNIFICADO IGUATEMI
43203876,COL UNIFICADO LINDOIA,4314902,COL UNIFICADO LINDOIA
43181147,ESC NEO-HUMANISTA DE ENS FUND ANANDA MARGA,4314902,ESC NEO HUMANISTA DE ENS FUND ANANDA MARGA
43203884,ESCOLA DE ENSINO FUNDAMENTAL CORONEL ESCOBAR,4314902,DE CORONEL ESCOBAR
43155995,ESCOLA DE ENSINO FUNDAMENTAL SANTA DOROTEIA - PLANALTO,4314902,DE SANTA DOROTEIA PLANALTO
43179037,ESC ESP EDUCANDARIO SAO JOAO BATISTA,4314902,ESC ESP EDUCANDARIO SAO JOAO BATISTA
43114946,ESCOLA DE ENSINO FUNDAMENTAL LUMIAR,4314902,DE LUMIAR
43174590,ESC DE ENS FUND DESENVOLVER,4314902,ESC DE ENS FUND DESENVOLVER
43211429,ESC ENS FUND DIVINO MESTRE,4314902,ESC ENS FUND DIVINO MESTRE
43201717,CENTRO DE ENSINO MEDIO PASTOR DOHMS- UNIDADE DE ENSINO ZONA NORTE,4314902,CENTRO DE ENSINO MEDIO PASTOR DOHMS UNIDADE DE ENSINO ZONA NORTE
43089518,UNIDADE ENSINO FARROUPILHA TEN CEL CORREIA LIMA,4314902,UNIDADE ENSINO FARROUPILHA TEN CEL CORREIA LIMA
43189768,6002 EEF ALDEIA LUMIAR,4314902,6002 ALDEIA LUMIAR
43005020,EEI GENTE PEQUENA,4314902,EEI GENTE PEQUENA
43148549,ESCOLA DE EDUCACAO INFANTIL CONSTRUIR - ZONA SUL,4314902,DE EDUCACAO INFANTIL CONSTRUIR ZONA SUL
43190251,CRECHE BALAO VERMELHO,4314902,CRECHE BALAO VERMELHO
43190316,5031 IEI TIA ROSA,4314902,5031 IEI TIA ROSA
43206450,ESC EDUC INF CADE O AUAU LTDA,4314902,ESC EDUC INF CADE O AUAU LTDA
43212263,APRENDENDO A CRESCER,4314902,APRENDENDO A CRESCER
43108466,ESCOLA DE ED INFANTIL TARTARUGUINHA VERDE,4314902,DE ED INFANTIL TARTARUGUINHA VERDE
43142265,EEI INTEGRAR,4314902,EEI INTEGRAR
43185282,5072 IEI AMAVTRON,4314902,5072 IEI AMAVTRON
43187579,ALGODAO DOCE EDUCACAO INFANTIL,4314902,ALGODAO DOCE EDUCACAO INFANTIL
43187595,CENTRO INFANTIL RECANTO FELIZ-LTDA,4314902,CENTRO INFANTIL RECANTO FELIZ LTDA
43189083,5102 IEI RENASCER VILA AMERICA,4314902,5102 IEI RENASCER VILA AMERICA
43190120,5045 EEI SOMAI,4314902,5045 EEI SOMAI
43190553,5077 EEI NOSSA SENHORA DE NAZARE-DOM ORIONE,4314902,5077 EEI NOSSA SENHORA DE NAZARE DOM ORIONE
43200990,ESCOLA DE EDUCACAO INFANTIL CANTO DOS ANJOS LTDA,4314902,DE EDUCACAO INFANTIL CANTO DOS ANJOS LTDA
43208185,5135 EEI ANTONIO GIANELLI,4314902,5135 EEI ANTONIO GIANELLI
43211100,5139 IEI ACOMPAR NUCLEO III,4314902,5139 IEI ACOMPAR NUCLEO III
43211399,5138 IEI BRINCANDO E APRENDENDO,4314902,5138 IEI BRINCANDO E APRENDENDO
43282008,5153 EEI MEU DENGO,4314902,5153 EEI MEU DENGO
43367399,ESC EDUC INF GERACAO ALEGRIA,4314902,ESC EDUC INF GERACAO ALEGRIA
43004679,EEI PEQUENO APRENDIZ,4314902,EEI PEQUENO APRENDIZ
43009387,EEI EDUCARE III,4314902,EEI EDUCARE III
43108946,EEI PIAZITO,4314902,EEI PIAZITO
43142273,EEI HAPPY KIDS,4314902,EEI HAPPY KIDS
43188338,CRECHE HAPPY BABY AND KIDS,4314902,CRECHE HAPPY BABY AND KIDS
43201342,ESCOLA DE EDUCACAO INFANTIL MORANGUINHO EREILI,4314902,DE EDUCACAO INFANTIL MORANGUINHO EREILI
43210341,ESC EDUC INF CIA DA CRIANCA,4314902,ESC EDUC INF CIA DA CRIANCA
43297110,5185 EEI SAO MARCOS,4314902,5185 EEI SAO MARCOS
43367380,5198 EEI MEUS PRIMEIROS PASSOS,4314902,5198 EEI MEUS PRIMEIROS PASSOS
43008682,EEI SEMEARTE,4314902,EEI SEMEARTE
43047670,5230 EEI ABRASCE ILHA DO PAVAO,4314902,5230 EEI ABRASCE ILHA DO PAVAO
43142249,EEI TURMINHA DA JU,4314902,EEI TURMINHA DA JU
43185347,5098 EEI MENINO JESUS,4314902,5098 EEI MENINO JESUS
43190880,ESCOLA INFANTIL VIVER E CONVIVER,4314902,INFANTIL VIVER E CONVIVER
43204627,ESCOLA DE EDUCACAO INFANTIL TURMA DO PIU-PIU,4314902,DE EDUCACAO INFANTIL TURMA DO PIU PIU
43207715,5136 IEI UNIAO ESPERANCA,4314902,5136 IEI UNIAO ESPERANCA
43240410,5170 IEI INTEGRACAO DOS ANJOS,4314902,5170 IEI INTEGRACAO DOS ANJOS
43004709,EEI JOAO E MARIA,4314902,EEI JOAO E MARIA
43004741,KINDERHOUSE ESCOLA DE EDUCACAO INFANTIL LTDA - ME,4314902,KINDERHOUSE DE EDUCACAO INFANTIL LTDA ME
43008640,EEI FONTE DOS ANJOS,4314902,EEI FONTE DOS ANJOS
43009115,5228 IEI APRENDENDO FELIZ,4314902,5228 IEI APRENDENDO FELIZ
43009140,EEI SONHO DE CRIANCA II,4314902,EEI SONHO DE CRIANCA II
43045863,EEI CRESCER E SABER,4314902,EEI CRESCER E SABER
43142478,5234 EEI JARDIM DE OXUM,4314902,5234 EEI JARDIM DE OXUM
43187668,ESCOLA DE EDUCACAO INFANTIL CANTINHO DO PIMPOLHO,4314902,DE EDUCACAO INFANTIL CANTINHO DO PIMPOLHO
43190332,PRE-ESCOLA PARAISO DOS BAIXINHO,4314902,PRE PARAISO DOS BAIXINHO
43191231,ESCOLA DE EDUCACAO INFANTIL REINO DOS BAIXINHOS,4314902,DE EDUCACAO INFANTIL REINO DOS BAIXINHOS
43191401,CENTRO INFANTIL AMIGUINHOS DA PRACA LTDA,4314902,CENTRO INFANTIL AMIGUINHOS DA PRACA LTDA
43211011,ESCOLA EDUC INF FLORESTINHA,4314902,EDUC INF FLORESTINHA
43211410,ESCOLA MOINHO - ESCOLA INFANTIL,4314902,MOINHO INFANTIL
43148565,ESCOLA DE EDUCACAO INFANTIL AMIGOS DO VERDE,4314902,DE EDUCACAO INFANTIL AMIGOS DO VERDE
43183069,5054 EEI CASA DA CRIANCA ALGODAO DOCE,4314902,5054 EEI CASA DA CRIANCA ALGODAO DOCE
43185240,5100 IEI ISABEL VIEIRA,4314902,5100 IEI ISABEL VIEIRA
43190383,5033 IEI ALAN MARIA TEREZA,4314902,5033 IEI ALAN MARIA TEREZA
43191835,AMPARO DA IMACULADA CONCEICAO,4314902,AMPARO DA IMACULADA CONCEICAO
43211224,EEI ESPACO CRIANCA,4314902,EEI ESPACO CRIANCA
43299199,5177 EEI SAO GUILHERME,4314902,5177 EEI SAO GUILHERME
43002269,EEI MUNDO MAGICO DA ALEGRIA,4314902,EEI MUNDO MAGICO DA ALEGRIA
43004334,5217 EEI EDUARDA PUJOL ZANIRATTI,4314902,5217 EEI EDUARDA PUJOL ZANIRATTI
43047629,EEI FLORESCER,4314902,EEI FLORESCER
43187927,JARD D INFANCIA LALILU LETRASIN LTDA EPP,4314902,JARD D INFANCIA LALILU LETRASIN LTDA EPP
43188214,5121 IEI NSA SRA APARECIDA IPANEMA,4314902,5121 IEI NSA SRA APARECIDA IPANEMA
43188451,ESCOLA DE EDUCACAO INFANTIL VOANDO ALTO,4314902,DE EDUCACAO INFANTIL VOANDO ALTO
43200346,ESCOLA DE EDUCACAO INFANTIL COTIDIANA,4314902,DE EDUCACAO INFANTIL COTIDIANA
43211313,EEI GENTE MIUDINHA,4314902,EEI GENTE MIUDINHA
43211348,5183 EEI FAVO DE MEL VILA ELIZABETH,4314902,5183 EEI FAVO DE MEL VILA ELIZABETH
43362460,ESC EDUC INF PASTORZINHO,4314902,ESC EDUC INF PASTORZINHO
43001858,EEI AQUARELA DO SABER,4314902,EEI AQUARELA DO SABER
43002064,EEI GENTE MIUDA,4314902,EEI GENTE MIUDA
43006817,5212 EEI RECANTO DOS PEQUENINOS,4314902,5212 EEI RECANTO DOS PEQUENINOS
43009042,EEI CASA AMETISTA,4314902,EEI CASA AMETISTA
43009280,5229 IEI CONSTRUINDO O AMANHA VILA JARDIM,4314902,5229 IEI CONSTRUINDO O AMANHA VILA JARDIM
43089259,EEI MEU MUNDO CRIANCA,4314902,EEI MEU MUNDO CRIANCA
43185096,5082 IEI MEDIANEIRA,4314902,5082 IEI MEDIANEIRA
43189717,ESCOLA DE EDUCACAO INFANTIL MUNDO FELIZ,4314902,DE EDUCACAO INFANTIL MUNDO FELIZ
43190219,5071 EEI CRIANCA FELIZ,4314902,5071 EEI CRIANCA FELIZ
43190685,5012 EEI JESUS O BOM PASTOR,4314902,5012 EEI JESUS O BOM PASTOR
43191320,INSTITUICAO DE EDUCACAO INFANTIL TOK DO SABER,4314902,INSTITUICAO DE EDUCACAO INFANTIL TOK DO SABER
43214800,ESCOLA DE EDUCACAO INFANTIL PRIMEIRA FASE DO SABER,4314902,DE EDUCACAO INFANTIL PRIMEIRA FASE DO SABER
43004857,EEI CATIVAR,4314902,EEI CATIVAR
43004873,INST EDUC INF ABCB SAO FRANCISCO,4314902,INST EDUC INF ABCB SAO FRANCISCO
43008755,EEI CANTINHO DOS BAIXINHOS,4314902,EEI CANTINHO DOS BAIXINHOS
43008763,IEI CANTINHO FELIZ,4314902,IEI CANTINHO FELIZ
43142672,5242 IEI MARIA DE NAZARE III - IEIMAN,4314902,5242 IEI MARIA DE NAZARE III IEIMAN
43185266,5019 IEI VOVO CAZEMIRO,4314902,5019 IEI VOVO CAZEMIRO
43187455,EEI BISPO ISAAC RODRIGUES ACO -CACIM,4314902,EEI BISPO ISAAC RODRIGUES ACO CACIM
43188141,5009 IEI SANTA CATARINA,4314902,5009 IEI SANTA CATARINA
43188540,5087 IEI NUCLEO SAO FRANCISCO,4314902,5087 IEI NUCLEO SAO FRANCISCO
43189067,5043 IEI LUPICINIO RODRIGUES,4314902,5043 IEI LUPICINIO RODRIGUES
43207782,ESC EDUC INF FANTASTICO MUNDO DA CRIANCA,4314902,ESC EDUC INF FANTASTICO MUNDO DA CRIANCA
43211216,5146 EEI CHACRINHA,4314902,5146 EEI CHACRINHA
43361412,ESC EDUC INF ABELHINHA SAPECA,4314902,ESC EDUC INF ABELHINHA SAPECA
43367429,5216 EEI CONSTRUINDO O AMANHA,4314902,5216 EEI CONSTRUINDO O AMANHA
43004750,EEI LAPIS DE COR,4314902,EEI LAPIS DE COR
43006795,EEI CARROSSEL,4314902,EEI CARROSSEL
43211453,5140 EEI JESUS MENINO,4314902,5140 EEI JESUS MENINO
43254624,5169 IEI SONHO MEU,4314902,5169 IEI SONHO MEU
43379052,ESC EDUC INF TURMA DA ALEGRIA,4314902,ESC EDUC INF TURMA DA ALEGRIA
43009034,EEI PROJETO CRIANCA SOGIPA,4314902,EEI PROJETO CRIANCA SOGIPA
43188419,CENTRO INFANTIL CONSTRUINDO,4314902,CENTRO INFANTIL CONSTRUINDO
43188559,5018 IEI ESPERANCA CORDEIRO,4314902,5018 IEI ESPERANCA CORDEIRO
43206301,ESC EDUC INF UNIVERSO MAGICO,4314902,ESC EDUC INF UNIVERSO MAGICO
43210490,ESCOLA DE EDUCACAO INFANTIL AMIGO,4314902,DE EDUCACAO INFANTIL AMIGO
43239412,ESC EDUC INF ADAPTAR,4314902,ESC EDUC INF ADAPTAR
43240402,5160 EEI ANJINHOS DE CRISTAL,4314902,5160 EEI ANJINHOS DE CRISTAL
43002021,INST EDUC INF BILINGUE UP KIDS SCHOOL,4314902,INST EDUC INF BILINGUE UP KIDS SCHOOL
43004830,5209 IEI ACOMPAR V - LUISA CASAGRANDE LEWANDOWSKI,4314902,5209 IEI ACOMPAR V LUISA CASAGRANDE LEWANDOWSKI
43006752,EEI GERACAO CRIANCA,4314902,EEI GERACAO CRIANCA
43009026,EEI ALECRIM,4314902,EEI ALECRIM
43105262,ESCOLA DE EDUCACAO INFANTIL CRIANCA ARTEIRA,4314902,DE EDUCACAO INFANTIL CRIANCA ARTEIRA
43163106,ESCOLA DE EDUCACAO INFANTIL CENTRO EDUCACIONAL BALAO AZUL,4314902,DE EDUCACAO INFANTIL CENTRO EDUCACIONAL BALAO AZUL
43187390,YK-ESPACO INFANTIL LTDA,4314902,YK ESPACO INFANTIL LTDA
43187544,ESCOLA DE EDUCACAO INFANTIL CARACOL LTDA,4314902,DE EDUCACAO INFANTIL CARACOL LTDA
43187773,ESCOLA DE EDUCACAO INFANTIL CASTELINHO DO SABER,4314902,DE EDUCACAO INFANTIL CASTELINHO DO SABER
43187854,5057 EEI CAMPO DA TUCA,4314902,5057 EEI CAMPO DA TUCA
43190014,5040 IEI SAGRADA FAMILIA,4314902,5040 IEI SAGRADA FAMILIA
43190456,5002 IEI JOAO PAULO II,4314902,5002 IEI JOAO PAULO II
43190707,5046 IEI NSA SRA DE FATIMA NOVO MUNDO,4314902,5046 IEI NSA SRA DE FATIMA NOVO MUNDO
43208932,ESCOLA INFANTIL AQUARELA,4314902,INFANTIL AQUARELA
43296149,TOP 10 - SOL E ANGEL ESC INF LTDA,4314902,TOP 10 SOL E ANGEL ESC INF LTDA
43148689,ESCOLA DE EDUCACAO INFANTIL STUDIO SCHOOL,4314902,DE EDUCACAO INFANTIL STUDIO SCHOOL
43185070,5038 IEI NOSSA SENHORA DE FATIMA -BOM JESUS,4314902,5038 IEI NOSSA SENHORA DE FATIMA BOM JESUS
43185312,5053 IEI BALAO MAGICO,4314902,5053 IEI BALAO MAGICO
43190723,5115 IEI SANTA ANITA,4314902,5115 IEI SANTA ANITA
43209050,EEI DOCE CARAMELO,4314902,EEI DOCE CARAMELO
43210465,ESC EDUC INF PEQUENINOS,4314902,ESC EDUC INF PEQUENINOS
43240208,5149 EEI EGIDIO PICCOLI,4314902,5149 EEI EGIDIO PICCOLI
43004822,5205 IEI OSICOM IV - NOSSA SENHORA DA SALETE,4314902,5205 IEI OSICOM IV NOSSA SENHORA DA SALETE
43185002,ESCOLA DE EDUCACAO INFANTIL TURMINHA DO BARULHO SC LTDA,4314902,DE EDUCACAO INFANTIL TURMINHA DO BARULHO SC LTDA
43185207,5055 IEI VOVO IDA,4314902,5055 IEI VOVO IDA
43188290,EEI GIRAFINHA TRAVESSA,4314902,EEI GIRAFINHA TRAVESSA
43190766,ESCOLA DE EDUCACAO INFANTIL BICHINHO DA GOIABA,4314902,DE EDUCACAO INFANTIL BICHINHO DA GOIABA
43191878,5119 EEI CRIANCA CIDADA,4314902,5119 EEI CRIANCA CIDADA
43201555,E E I SAO FRANCISCO - ZONA SUL,4314902,E E I SAO FRANCISCO ZONA SUL
43203221,ESCOLA DE EDUCACAO INFANTIL CACHINHOS DOURADOS LTDA,4314902,DE EDUCACAO INFANTIL CACHINHOS DOURADOS LTDA
43211364,EEI EDUCARE,4314902,EEI EDUCARE
43004342,5211 EEI JARDIM DO FUTURO,4314902,5211 EEI JARDIM DO FUTURO
43009328,EEI CATIVAR - PARTENON,4314902,EEI CATIVAR PARTENON
43045049,EEI TEMPO DA CRIANCA,4314902,EEI TEMPO DA CRIANCA
43046096,EEI BRINCAR E ARTE,4314902,EEI BRINCAR E ARTE
43185320,5027 IEI GIRASSOL,4314902,5027 IEI GIRASSOL
43190588,5010 IEI ACOMPAR NUCLEO II - SANTO AGOSTINHO,4314902,5010 IEI ACOMPAR NUCLEO II SANTO AGOSTINHO
43190847,ESCOLA DE EDUCACAO INFANTIL ESPACO BRINCAR,4314902,DE EDUCACAO INFANTIL ESPACO BRINCAR
43191258,CRECHE WERNER SCHWUCHOW,4314902,CRECHE WERNER SCHWUCHOW
43208967,EEI DO SESC - SESQUINHO NAVEGANTES,4314902,EEI DO SESC SESQUINHO NAVEGANTES
43209025,EEI ESPACO CRIATIVO,4314902,EEI ESPACO CRIATIVO
43211178,EEI ALGODAO DOCE,4314902,EEI ALGODAO DOCE
43254209,5166 EEI ABRASCE PARTENON,4314902,5166 EEI ABRASCE PARTENON
43004687,EEI SONHO DE CRIANCA,4314902,EEI SONHO DE CRIANCA
43148590,ESCOLA DE EDUCACAO INFANTIL CASTELINHO,4314902,DE EDUCACAO INFANTIL CASTELINHO
43185355,5037 IEI AELCA,4314902,5037 IEI AELCA
43188729,ESCOLA DE EDUCACAO INFANTIL VOVO MARGARIDA LTDA,4314902,DE EDUCACAO INFANTIL VOVO MARGARIDA LTDA
43002218,EEI PAIS E FILHOS,4314902,EEI PAIS E FILHOS
43004733,EEI ANJINHOS TRAVESSOS,4314902,EEI ANJINHOS TRAVESSOS
43184979,5049 IEI BRINCANDO DE CIRANDA,4314902,5049 IEI BRINCANDO DE CIRANDA
43187609,5044 EEI CASA DO PEQUENINO,4314902,5044 EEI CASA DO PEQUENINO
43188028,ESCOLA DE EDUCACAO INFANTIL RECANTO DO PIA LTDA,4314902,DE EDUCACAO INFANTIL RECANTO DO PIA LTDA
43188036,5088 IEI VINDE A MIM AS CRIANCINHAS,4314902,5088 IEI VINDE A MIM AS CRIANCINHAS
43190286,CLUBINHO DA CRIANCA - BERENICE AMORIM DE AMORIM -ME,4314902,CLUBINHO DA CRIANCA BERENICE AMORIM DE AMORIM ME
43207774,EEI ARCO IRIS DO SABER,4314902,EEI ARCO IRIS DO SABER
43240801,ESC EDUC INF QUERUBIM,4314902,ESC EDUC INF QUERUBIM
43259014,5167 EEI PADRE VALLE NOSSO SONHO II,4314902,5167 EEI PADRE VALLE NOSSO SONHO II
43001998,EEI PEQUENOS BRILHANTES,4314902,EEI PEQUENOS BRILHANTES
43004814,EEI ARTE E CIA,4314902,EEI ARTE E CIA
43006833,5221 EEI ANA MALTZ KNIJNIK,4314902,5221 EEI ANA MALTZ KNIJNIK
43009352,EEI ARCO IRIS II,4314902,EEI ARCO IRIS II
43185290,5182 EEI CRECHE NAVEGANTES,4314902,5182 EEI CRECHE NAVEGANTES
43185304,5003 EEI ESTRELINHA DO CEU,4314902,5003 EEI ESTRELINHA DO CEU
43187986,CRECHE VOVO OLMIRA LTDA ME,4314902,CRECHE VOVO OLMIRA LTDA ME
43188443,CENTRO INFANTIL TURMA DO GIZ DE CERA,4314902,CENTRO INFANTIL TURMA DO GIZ DE CERA
43190502,5081 EEI BRIZOLINHA,4314902,5081 EEI BRIZOLINHA
43190596,ESCOLA DE EDUCACAO INFANTIL AQUI EU FICO,4314902,DE EDUCACAO INFANTIL AQUI EU FICO
43208169,ESCOLA INFANTIL TEMPO DE CRESCER,4314902,INFANTIL TEMPO DE CRESCER
43239641,ESC EDUC INF TROCANDO IDEIAS,4314902,ESC EDUC INF TROCANDO IDEIAS
43240615,5147 EEI PADRE PEDRO LEONARDI II,4314902,5147 EEI PADRE PEDRO LEONARDI II
43285007,5192 EEI RENASCER DA ESPERANCA,4314902,5192 EEI RENASCER DA ESPERANCA
43295290,5219 IEI PINGO DE MEL,4314902,5219 IEI PINGO DE MEL
43367330,5193 EEI TREVO DE OURO,4314902,5193 EEI TREVO DE OURO
43006744,EEI AMIGUINHOS DO CRISTAL,4314902,EEI AMIGUINHOS DO CRISTAL
43089348,EEI PANAMERICANA,4314902,EEI PANAMERICANA
43108148,BERCARIO CRECHE E RECREACAO CISNE BRANCO LTDA,4314902,BERCARIO CRECHE E RECREACAO CISNE BRANCO LTDA
43185649,5058 EEI TOPO GIGIO,4314902,5058 EEI TOPO GIGIO
43188125,5109 EEI ANANDA MARGA RESTINGA NOVA 1,4314902,5109 EEI ANANDA MARGA RESTINGA NOVA 1
43188303,ESCOLA INFANTIL FAZENDO E ACONTECENDO,4314902,INFANTIL FAZENDO E ACONTECENDO
43189059,5006 EEI TRENZINHO DA ALEGRIA,4314902,5006 EEI TRENZINHO DA ALEGRIA
43201008,EEI TEICHMANN E RITTER LTDA,4314902,EEI TEICHMANN E RITTER LTDA
43206336,EEI LALILU LETRASIN LTDA EPP,4314902,EEI LALILU LETRASIN LTDA EPP
43001912,VILLA KIDS,4314902,VILLA KIDS
43002188,EEI SOBRADINHO ALEGRE,4314902,EEI SOBRADINHO ALEGRE
43185436,5061 IEI VO BELINHA,4314902,5061 IEI VO BELINHA
43187846,5157 EEI MARISTA RENASCER,4314902,5157 EEI MARISTA RENASCER
43188222,5132 EEI ANANDA MARGA RESTINGA NOVA 2,4314902,5132 EEI ANANDA MARGA RESTINGA NOVA 2
43188990,EEI ARTE E MANHA,4314902,EEI ARTE E MANHA
43189725,ESCOLA SEMEANDO CARINHO,4314902,SEMEANDO CARINHO
43191460,INSTITUICAO DE EDUCACAO INFANTIL ABELHINHA,4314902,INSTITUICAO DE EDUCACAO INFANTIL ABELHINHA
43209726,ESC EDUC INF BELA INFANCIA,4314902,ESC EDUC INF BELA INFANCIA
43299148,5184 EEI JARDIM IPIRANGA,4314902,5184 EEI JARDIM IPIRANGA
43362478,EEI BRINCANDO COM AS LETRAS,4314902,EEI BRINCANDO COM AS LETRAS
43364292,ESC EDUC INF DESCOBRINDO O SABER,4314902,ESC EDUC INF DESCOBRINDO O SABER
43001971,IEI CRECHE DO CORACAO,4314902,IEI CRECHE DO CORACAO
43004350,5210 IEI EREMI,4314902,5210 IEI EREMI
43108865,5048 IEI HELOISA BECKER,4314902,5048 IEI HELOISA BECKER
43109047,EEI TAGARELA,4314902,EEI TAGARELA
43187510,EEI FAVINHO DE MEL,4314902,EEI FAVINHO DE MEL
43187820,5016 IEI OSICOM I,4314902,5016 IEI OSICOM I
43188575,CRECHE BANZE - BEATRIZ REGINA BIFFI,4314902,CRECHE BANZE BEATRIZ REGINA BIFFI
43188710,EEI ESTACAO DA FELICIDADE,4314902,EEI ESTACAO DA FELICIDADE
43190375,5118 IEI NOSSA SENHORA DE BELEM,4314902,5118 IEI NOSSA SENHORA DE BELEM
43190529,5106 EEI NOVA SANTA RITA,4314902,5106 EEI NOVA SANTA RITA
43201202,CENTRO INFANTIL RECANTO MIMOSO LTDA,4314902,CENTRO INFANTIL RECANTO MIMOSO LTDA
43201377,5099 EEI AMIGO SPINELLI,4314902,5099 EEI AMIGO SPINELLI
43209718,ESC EDUC INF REDENCAO,4314902,ESC EDUC INF REDENCAO
43283004,5155 IEI RENOVAR DA ESPERANCA,4314902,5155 IEI RENOVAR DA ESPERANCA
43001882,EEI KANGURU FELIZ,4314902,EEI KANGURU FELIZ
43108938,ESCOLA INFANTIL MELADINHO,4314902,INFANTIL MELADINHO
43184987,EEI CENTRO SOCIAL DA CRIANCA,4314902,EEI CENTRO SOCIAL DA CRIANCA
43185533,5108 EEI PADRE PEDRO LEONARDI I,4314902,5108 EEI PADRE PEDRO LEONARDI I
43185592,5059 EEI ACOMUR,4314902,5059 EEI ACOMUR
43185606,5056 EEI PAINEIRAS,4314902,5056 EEI PAINEIRAS
43190677,5113 EEI ANJINHO DA GUARDA,4314902,5113 EEI ANJINHO DA GUARDA
43191720,ABELHINHAS DA COLMEIA,4314902,ABELHINHAS DA COLMEIA
43209661,ESC EDUC INF FILHOS DO SABER,4314902,ESC EDUC INF FILHOS DO SABER
43260004,5164 EEI ARCO IRIS II,4314902,5164 EEI ARCO IRIS II
43300189,ESC EDUC INF VIDA NOVA,4314902,ESC EDUC INF VIDA NOVA
43004610,5207 IEI PE DE MOLEQUE,4314902,5207 IEI PE DE MOLEQUE
43008674,EEI SITIO PARAISO,4314902,EEI SITIO PARAISO
43142451,EEI MUNDO ENCANTADO,4314902,EEI MUNDO ENCANTADO
43187137,5066 EEI MEU NENE,4314902,5066 EEI MEU NENE
43187382,5064 EEI RECREIO DA DIVISA,4314902,5064 EEI RECREIO DA DIVISA
43187781,5065 IEI ARCO IRIS ENCANTADO,4314902,5065 IEI ARCO IRIS ENCANTADO
43187919,ESCOLA DE EDUCACAO INFANTIL MEUS BAIXINHOS,4314902,DE EDUCACAO INFANTIL MEUS BAIXINHOS
43188150,5111 EEI ANANDA MARGA BARRO VERMELHO,4314902,5111 EEI ANANDA MARGA BARRO VERMELHO
43190510,CRECHE E RECREACAO LAGO DO CISNE LTDA,4314902,CRECHE E RECREACAO LAGO DO CISNE LTDA
43190839,REINO DA FANTASIA CENTRO DE CRIATIVIDADE E RECREAC,4314902,REINO DA FANTASIA CENTRO DE CRIATIVIDADE E RECREAC
43191576,INSTITUICAO DE EDUCACAO INFANTIL BRILHO DE SOL,4314902,INSTITUICAO DE EDUCACAO INFANTIL BRILHO DE SOL
43207723,5163 EEI PLANETA INFANTIL,4314902,5163 EEI PLANETA INFANTIL
43295150,EEI MUNDO DOS ANJOS,4314902,EEI MUNDO DOS ANJOS
43046509,EEI AQUARELA,4314902,EEI AQUARELA
43185118,5086 EEI ARAPEI,4314902,5086 EEI ARAPEI
43185274,5035 EEI NOSSA SENHORA APARECIDA VILA PINTO,4314902,5035 EEI NOSSA SENHORA APARECIDA VILA PINTO
43185584,5107 EEI ARCO IRIS I,4314902,5107 EEI ARCO IRIS I
43188087,CREARE CULTURA RECREACAO ARTES E EDUCACAO,4314902,CREARE CULTURA RECREACAO ARTES E EDUCACAO
43190421,BERCARIO CRECHE E RECREACAO NENECA,4314902,BERCARIO CRECHE E RECREACAO NENECA
43201288,5130 IEI TECNOBABY,4314902,5130 IEI TECNOBABY
43206492,ESC EDUC INF NOVA GERACAO,4314902,ESC EDUC INF NOVA GERACAO
43207839,ESTACAO CRIANCA,4314902,ESTACAO CRIANCA
43209262,BIZUCA ESCOLA DE EDUCACAO INFANTIL,4314902,BIZUCA DE EDUCACAO INFANTIL
43209742,COLORINDO O AMANHA,4314902,COLORINDO O AMANHA
43210457,5199 EEI MUNDO DA IMAGINACAO,4314902,5199 EEI MUNDO DA IMAGINACAO
43218601,ESC INF EDUCAR E CIA,4314902,ESC INF EDUCAR E CIA
43241204,5202 EEI GIRASSOL LAMI,4314902,5202 EEI GIRASSOL LAMI
43367372,5197 EEI TIO ZE,4314902,5197 EEI TIO ZE
43009107,IEI CANTO DAS CRIANCAS,4314902,IEI CANTO DAS CRIANCAS
43046258,EEI TARTARUGUINHA VERDE IV,4314902,EEI TARTARUGUINHA VERDE IV
43108580,5191 IEI CASA DA CRIANCA N SRA AUXILIADORA,4314902,5191 IEI CASA DA CRIANCA N SRA AUXILIADORA
43190308,5060 IEI MURIALDO,4314902,5060 IEI MURIALDO
43191363,ESCOLA DE EDUCACAO INFANTIL BEBE FOFINHO,4314902,DE EDUCACAO INFANTIL BEBE FOFINHO
43209220,ESC EDUC INF SEMENTINHA DE VIDA,4314902,ESC EDUC INF SEMENTINHA DE VIDA
43211330,5145 IEI PRINCESA ISABEL,4314902,5145 IEI PRINCESA ISABEL
43211666,5168 EEI TIA BETH,4314902,5168 EEI TIA BETH
43004296,EEI CRIARTE,4314902,EEI CRIARTE
43009310,EEI TARTARUGUINHA VERDE III,4314902,EEI TARTARUGUINHA VERDE III
43092136,EEI TARTARUGUINHA V,4314902,EEI TARTARUGUINHA V
43108296,ESCOLA DE EDUCACAO INFANTIL GENTE MIUDA,4314902,DE EDUCACAO INFANTIL GENTE MIUDA
43187536,CENTRO INFANTIL SER CRIANCA LTDA,4314902,CENTRO INFANTIL SER CRIANCA LTDA
43187803,5091 IEI MADRE BRIGIDA POSTORINO,4314902,5091 IEI MADRE BRIGIDA POSTORINO
43190430,5112 EEI SANTA CATARINA DA RESTINGA,4314902,5112 EEI SANTA CATARINA DA RESTINGA
43190545,5117 EEI NOSSA SENHORA APARECIDA LOT MARIANTE,4314902,5117 EEI NOSSA SENHORA APARECIDA LOT MARIANTE
43191100,INSTITUICAO DE EDUCACAO INFANTIL GATINHO TRAVESSO,4314902,INSTITUICAO DE EDUCACAO INFANTIL GATINHO TRAVESSO
43191940,ESCOLA DE EDUCACAO INFANTIL DA MONICA,4314902,DE EDUCACAO INFANTIL DA MONICA
43207693,ESCOLA DE EDUCACAO INFANTIL RECREARTY,4314902,DE EDUCACAO INFANTIL RECREARTY
43298168,ESC EDUC INF RECANTO DO SABER,4314902,ESC EDUC INF RECANTO DO SABER
43362451,ESCOLA DE EDUCACAO INFANTIL PROJETO CRESCER,4314902,DE EDUCACAO INFANTIL PROJETO CRESCER
43089194,5240 EEI JARDIM FLORESTA LAMI,4314902,5240 EEI JARDIM FLORESTA LAMI
43185045,5041 EEI MENSAGEIROS DA LUZ,4314902,5041 EEI MENSAGEIROS DA LUZ
43185444,5089 EEI VO MARIA,4314902,5089 EEI VO MARIA
43188311,5114 EEI CAPELA NAVEGANTES,4314902,5114 EEI CAPELA NAVEGANTES
43191894,5133 EEI AMOVIR,4314902,5133 EEI AMOVIR
43204660,5124 EEI ANTONIO GIANELLI - LOT CAVALHADA,4314902,5124 EEI ANTONIO GIANELLI LOT CAVALHADA
43206352,ESCOLA DE EDUCACAO INFANTIL RECRIAR,4314902,DE EDUCACAO INFANTIL RECRIAR
43209823,ESCOLA EDUCACAO INFANTIL ESPACO FELIZ LTDA-ME,4314902,EDUCACAO INFANTIL ESPACO FELIZ LTDA ME
43254608,ESC EDUC INF DESCOBRINDO A VIDA,4314902,ESC EDUC INF DESCOBRINDO A VIDA
43296181,5175 IEI OSICOM II,4314902,5175 IEI OSICOM II
43004415,EEI CANTINHO DO SABER,4314902,EEI CANTINHO DO SABER
43364250,ESC EDUC INF PIRLIMPIMPIM,4314902,ESC EDUC INF PIRLIMPIMPIM
43184960,5029 EEI CANTINHO DOS PIAS,4314902,5029 EEI CANTINHO DOS PIAS
43185231,5203 EEI AMIGO GERMANO,4314902,5203 EEI AMIGO GERMANO
43185541,5020 EEI MADRE TERESA,4314902,5020 EEI MADRE TERESA
43191304,EEI PROJETO PENSAR,4314902,EEI PROJETO PENSAR
43191487,ESCOLA DE EDUCACAO INFANTIL DENTE DE LEITE,4314902,DE EDUCACAO INFANTIL DENTE DE LEITE
43298206,5179 IEI DUTRA JARDIM,4314902,5179 IEI DUTRA JARDIM
43361404,5201 IEI PEDACO DE GENTE,4314902,5201 IEI PEDACO DE GENTE
43362540,5231 EEI PIMPONETA,4314902,5231 EEI PIMPONETA
43002200,EEI PAMPEANO,4314902,EEI PAMPEANO
43004229,EEI ALEGRIA DE CRIANCA,4314902,EEI ALEGRIA DE CRIANCA
43004385,EEI BANANA NANIKA,4314902,EEI BANANA NANIKA
43004784,EEI SITIO DO PICA PAU AMARELO,4314902,EEI SITIO DO PICA PAU AMARELO
43045081,EEI TCHURMINHA ENCANTADA,4314902,EEI TCHURMINHA ENCANTADA
43089283,5235 EEI EDUARDA PUJOL ZANIRATTI II,4314902,5235 EEI EDUARDA PUJOL ZANIRATTI II
43185363,5021 EEI GALPAOZINHO,4314902,5021 EEI GALPAOZINHO
43187412,CRECHE RECANTO DA CRIANCA,4314902,CRECHE RECANTO DA CRIANCA
43187722,CRECHE ESTRELINHA MAGICA,4314902,CRECHE ESTRELINHA MAGICA
43189032,5036 EEI MUNDO CRIANCA,4314902,5036 EEI MUNDO CRIANCA
43191703,PEQUENO GENIO CRIATIVIDADE E LAZER LTDA,4314902,PEQUENO GENIO CRIATIVIDADE E LAZER LTDA
43209076,EEI ENGENHEIRINHO,4314902,EEI ENGENHEIRINHO
43210350,NOSSA CRECHE RECREACOES INFANTIS LTDA,4314902,NOSSA CRECHE RECREACOES INFANTIS LTDA
43210392,CINCO ESTRELINHAS ESC EDUC INF,4314902,CINCO ESTRELINHAS ESC EDUC INF
43280005,5148 EEI MARISTA MENINO JESUS,4314902,5148 EEI MARISTA MENINO JESUS
43008704,EEI PIMPAO,4314902,EEI PIMPAO
43142362,5244 EEI NOSSA SENHORA DAS GRACAS,4314902,5244 EEI NOSSA SENHORA DAS GRACAS
43190081,5084 EEI CANTINHO DA CRIANCA,4314902,5084 EEI CANTINHO DA CRIANCA
43190561,5116 IEI COLORINDO MEU DIA,4314902,5116 IEI COLORINDO MEU DIA
43201270,5224 IEI DOM DADEUS GRINS,4314902,5224 IEI DOM DADEUS GRINS
43362516,ESC EDUC INF LUDICA,4314902,ESC EDUC INF LUDICA
43004865,INST EDUC INF ABCB CRIANCA PAZ E BEM,4314902,INST EDUC INF ABCB CRIANCA PAZ E BEM
43149022,ESCOLA DE EDUCACAO INFANTIL TIA MARI EDUCART,4314902,DE EDUCACAO INFANTIL TIA MARI EDUCART
43185622,5223 IEI SANTA TERESINHA,4314902,5223 IEI SANTA TERESINHA
43190391,5050 EEI NSA SRA APARECIDA SAO PEDRO,4314902,5050 EEI NSA SRA APARECIDA SAO PEDRO
43191800,ESCOLINHA EDUCACIONAL INFANTIL DESIDERIO DE PAOLI,4314902,ESCOLINHA EDUCACIONAL INFANTIL DESIDERIO DE PAOLI
43201296,5156 IEI LAR ESPERANCA,4314902,5156 IEI LAR ESPERANCA
43215408,ESC EDUC INF PAIXAO DE APRENDER,4314902,ESC EDUC INF PAIXAO DE APRENDER
43282016,5159 EEI TIA IARA,4314902,5159 EEI TIA IARA
43295282,5176 IEI OSICOM III,4314902,5176 IEI OSICOM III
43300138,ESC EDUC INF MUNDO MAGICO DA CRIANCA,4314902,ESC EDUC INF MUNDO MAGICO DA CRIANCA
43001980,EEI TURMA DA MAGALI,4314902,EEI TURMA DA MAGALI
43142141,EEI SINERGIA,4314902,EEI SINERGIA
43185258,5097 EEI PASSO A PASSO,4314902,5097 EEI PASSO A PASSO
43185371,5030 EEI TRES CORACOES,4314902,5030 EEI TRES CORACOES
43185495,5004 EEI ESTRELINHA DO AMANHA,4314902,5004 EEI ESTRELINHA DO AMANHA
43185614,5062 IEI ESTRELA MAGICA,4314902,5062 IEI ESTRELA MAGICA
43190405,5073 EEI MATO GROSSO,4314902,5073 EEI MATO GROSSO
43190499,5001 IEI MAEZINHA DO CEU,4314902,5001 IEI MAEZINHA DO CEU
43209041,5200 EEI A CAMINHO DO SOL,4314902,5200 EEI A CAMINHO DO SOL
43210996,EEI VIVENDO E APRENDENDO,4314902,EEI VIVENDO E APRENDENDO
43281001,5150 EEI SEMEANDO O AMANHA,4314902,5150 EEI SEMEANDO O AMANHA
43362443,PANDA ESCOLA DE EDUCACAO INFANTIL LTDA ME,4314902,PANDA DE EDUCACAO INFANTIL LTDA ME
43367348,5194 EEI PLANETA DO SABER,4314902,5194 EEI PLANETA DO SABER
43148662,ESCOLA DE EDUCACAO INFANTIL SERELEPE,4314902,DE EDUCACAO INFANTIL SERELEPE
43189733,EEI TERRITORIOS DO APRENDER,4314902,EEI TERRITORIOS DO APRENDER
43191681,CENTRO EDUCACIONAL BALAO AZUL,4314902,CENTRO EDUCACIONAL BALAO AZUL
43200923,EEI BRINCAR E APRENDER,4314902,EEI BRINCAR E APRENDER
43209254,5142 IEI CRESCER COM LAZER,4314902,5142 IEI CRESCER COM LAZER
43218806,CRECHE ANJINHO DO SABER,4314902,CRECHE ANJINHO DO SABER
43240011,5151 EEI BOA VISTA,4314902,5151 EEI BOA VISTA
43300170,5173 EEI CASA DE NAZARE,4314902,5173 EEI CASA DE NAZARE
43008690,5227 EEI MADRE VERONICA,4314902,5227 EEI MADRE VERONICA
43188206,5083 EEI CASA DE NAZARE CENTRO DE APOIO AO MENOR,4314902,5083 EEI CASA DE NAZARE CENTRO DE APOIO AO MENOR
43188745,5110 EEI ANANDA MARGA JUCA BATISTA,4314902,5110 EEI ANANDA MARGA JUCA BATISTA
43190049,5052 EEI SAO PEDRO,4314902,5052 EEI SAO PEDRO
43190898,ESCOLA DE EDUCACAO INFANTIL CICLA,4314902,DE EDUCACAO INFANTIL CICLA
43201024,CRECHE BERCARIO E RECREACAO BABY HOUSE,4314902,CRECHE BERCARIO E RECREACAO BABY HOUSE
43201172,EEI SEMEANDO O SABER,4314902,EEI SEMEANDO O SABER
43209130,ESCOLA EDUCACAO INFANTIL ARTE CARINHO,4314902,EDUCACAO INFANTIL ARTE CARINHO
43367364,5196 IEI MARIA DE NAZARE II - IEIMAN,4314902,5196 IEI MARIA DE NAZARE II IEIMAN
43004245,EEI TURMINHA DO PUFF,4314902,EEI TURMINHA DO PUFF
43089160,5237 EEI WLANIR PORTO,4314902,5237 EEI WLANIR PORTO
43108253,CRECHE E BERCARIO GIORDANO BRUNO,4314902,CRECHE E BERCARIO GIORDANO BRUNO
43142346,EEI AMAR E EDUCAR,4314902,EEI AMAR E EDUCAR
43185479,5063 IEI NOSSA SENHORA APARECIDA -VILA PINHAL,4314902,5063 IEI NOSSA SENHORA APARECIDA VILA PINHAL
43187862,5028 EEI SAO VICENTE DE PAULO,4314902,5028 EEI SAO VICENTE DE PAULO
43188044,ESCOLA DE EDUCACAO INFANTIL CORACAO MAGICO,4314902,DE EDUCACAO INFANTIL CORACAO MAGICO
43188648,EEI LARANJINHA DO CEU,4314902,EEI LARANJINHA DO CEU
43188702,EEI PEDACINHO DO CEU SOC SIMPLES,4314902,EEI PEDACINHO DO CEU SOC SIMPLES
43201164,ESCOLA DE EDUCACAO INFANTIL VIVER E APRENDER,4314902,DE EDUCACAO INFANTIL VIVER E APRENDER
43206220,5129 IEI RENOVAR DA ESPERANCA II,4314902,5129 IEI RENOVAR DA ESPERANCA II
43210368,EEI FAZENDO ARTE,4314902,EEI FAZENDO ARTE
43217605,ESC EDUC INF BANANINHA,4314902,ESC EDUC INF BANANINHA
43240607,5152 IEI PEQUENO PRINCIPE,4314902,5152 IEI PEQUENO PRINCIPE
43299172,ESC EDUC INF MUNDO DA IMAGINACAO,4314902,ESC EDUC INF MUNDO DA IMAGINACAO
43004407,EEI MUNDO DO SABER,4314902,EEI MUNDO DO SABER
43107656,ESCOLA DE EDUCACAO INFANTIL MEU CANTINHO,4314902,DE EDUCACAO INFANTIL MEU CANTINHO
43148581,ESCOLA DE EDUCACAO INFANTIL BOLINHA DE CRISTAL,4314902,DE EDUCACAO INFANTIL BOLINHA DE CRISTAL
43149090,ESCOLA DE EDUCACAO INFANTIL AMOR DE AMORA,4314902,DE EDUCACAO INFANTIL AMOR DE AMORA
43187897,INFANCIAS ESCOLA DE EDUCACAO INFANTIL LTDA,4314902,INFANCIAS DE EDUCACAO INFANTIL LTDA
43190618,5023 EEI VO ANA,4314902,5023 EEI VO ANA
43190650,5032 IEI JERUSALEM BEITH SHALOM,4314902,5032 IEI JERUSALEM BEITH SHALOM
43191630,ESCOLA DE EDUCACAO INFANTIL MUNDO DA CRIANCA,4314902,DE EDUCACAO INFANTIL MUNDO DA CRIANCA
43200915,5120 EEI MEDIANEIRA NOSSO SONHO I,4314902,5120 EEI MEDIANEIRA NOSSO SONHO I
43240429,5154 IEI MUNDO COLORIDO,4314902,5154 IEI MUNDO COLORIDO
43006825,5220 IEI CANTINHO DO SOL,4314902,5220 IEI CANTINHO DO SOL
43108539,ESCOLA DE EDUCACAO INFANTIL PATOTINHA,4314902,DE EDUCACAO INFANTIL PATOTINHA
43185410,5013 IEI SANTA LUIZA,4314902,5013 IEI SANTA LUIZA
43187838,5067 IEI NOSSA SENHORA DA GLORIA,4314902,5067 IEI NOSSA SENHORA DA GLORIA
43187960,MUNDO DO ABC,4314902,MUNDO DO ABC
43211119,5141 EEI ABRASCE LOTEAMENTO PAMPA,4314902,5141 EEI ABRASCE LOTEAMENTO PAMPA
43218202,CARROSSEL RECANTO INFANTIL,4314902,CARROSSEL RECANTO INFANTIL
43298150,5181 EEI PLANETA MAGICO,4314902,5181 EEI PLANETA MAGICO
43361420,EEI TURMA DO CASTELO,4314902,EEI TURMA DO CASTELO
43001840,ESCOLA INFANTIL ARCO IRIS,4314902,INFANTIL ARCO IRIS
43004369,5208 IEI VITORIA,4314902,5208 IEI VITORIA
43185053,5070 IEI CENEAMM 1 DE MAIO,4314902,5070 IEI CENEAMM 1 DE MAIO
43185100,IEI RECANTO DOS PIAS,4314902,IEI RECANTO DOS PIAS
43187870,5204 EEI CRECHE ELSINHA,4314902,5204 EEI CRECHE ELSINHA
43189075,5005 IEI VILA UNIAO,4314902,5005 IEI VILA UNIAO
43190235,EEI CILIKA,4314902,EEI CILIKA
43191290,ESCOLA DE EDUCACAO INFANTIL ARTE BABY LTDA,4314902,DE EDUCACAO INFANTIL ARTE BABY LTDA
43191398,ESCOLA DE EDUCACAO INFANTIL CONSTRUIR,4314902,DE EDUCACAO INFANTIL CONSTRUIR
43201156,5131 IEI SAO VICENTE DE PAULO,4314902,5131 IEI SAO VICENTE DE PAULO
43204651,5127 EEI VILA GAUCHA,4314902,5127 EEI VILA GAUCHA
43009166,5226 EEI PROF MARIETA PAIXAO ARAUJO,4314902,5226 EEI PROF MARIETA PAIXAO ARAUJO
43044999,5239 EEI MEU PEDACINHO DE CHAO,4314902,5239 EEI MEU PEDACINHO DE CHAO
43187757,ESCOLA DE EDUCACAO INFANTIL MOLEQUE TRAVESSO,4314902,DE EDUCACAO INFANTIL MOLEQUE TRAVESSO
43203655,ESCOLA DE EDUCACAO INFANTIL BEIJA FLOR,4314902,DE EDUCACAO INFANTIL BEIJA FLOR
43211070,ESCOLA EDUC INF CRESCENDO FELIZ,4314902,EDUC INF CRESCENDO FELIZ
43284000,5161 EEI RAIO DE SOL,4314902,5161 EEI RAIO DE SOL
43300081,5186 EEI CANTINHO ENCANTADO,4314902,5186 EEI CANTINHO ENCANTADO
43004318,5218 IEI CARLOS ALBERTO TEJERA DE RE,4314902,5218 IEI CARLOS ALBERTO TEJERA DE RE
43048170,5232 IEI SALVATORE LETTIERI,4314902,5232 IEI SALVATORE LETTIERI
43108822,PATO ESCOLA DE EDUCACAO INFANTIL LTDA,4314902,PATO DE EDUCACAO INFANTIL LTDA
43108873,ASSOC BENEFIC SANTA ZITA DE LUCCA,4314902,ASSOC BENEFIC SANTA ZITA DE LUCCA
43187978,ESCOLA DE EDUCACAO INFANTIL CORUJINHA SAPECA LTDA,4314902,DE EDUCACAO INFANTIL CORUJINHA SAPECA LTDA
43207731,CENTRO INFANTIL A PEQUENA SEREIA,4314902,CENTRO INFANTIL A PEQUENA SEREIA
43208894,EEI ARTE EM FOCO,4314902,EEI ARTE EM FOCO
43209270,EEI GIRASSOL,4314902,EEI GIRASSOL
43210481,BK ESCOLA DE EDUCACAO INFANTIL,4314902,BK DE EDUCACAO INFANTIL
43089216,5241 EEI DESENVOLVENDO O SABER,4314902,5241 EEI DESENVOLVENDO O SABER
43184995,CRECHE SAO FRANCISCO DE ASSIS,4314902,CRECHE SAO FRANCISCO DE ASSIS
43185398,5007 IEI EUGENIA CONTE,4314902,5007 IEI EUGENIA CONTE
43187471,5034 IEI ALAN BOM JESUS,4314902,5034 IEI ALAN BOM JESUS
43187528,CRECHE CIRCO DA FOLIA LTDA,4314902,CRECHE CIRCO DA FOLIA LTDA
43187994,CENTRO INFANTIL FABRICA DOS SONHOS LTDA,4314902,CENTRO INFANTIL FABRICA DOS SONHOS LTDA
43188370,CRECHE DESCOBRINDO O MUNDO,4314902,CRECHE DESCOBRINDO O MUNDO
43190537,5074 IEI BOA ESPERANCA,4314902,5074 IEI BOA ESPERANCA
43191355,EEI SESI RUBEM BERTA,4314902,EEI SESI RUBEM BERTA
43187900,CENTRO DE EDUCACAO INFANTIL PROJETO VIDA,4314902,CENTRO DE EDUCACAO INFANTIL PROJETO VIDA
43191541,BERCARIO CRECHE RECREACAO CISNE BRANCO LTDA,4314902,BERCARIO CRECHE RECREACAO CISNE BRANCO LTDA
43211143,ESCOLA INFANTIL VIDA DE CRIANCA,4314902,INFANTIL VIDA DE CRIANCA
43239420,POLO EDUCACIONAL,4314902,POLO EDUCACIONAL
43004377,EEI COLIBRI,4314902,EEI COLIBRI
43032419,EEI ANJO SAPEQUINHA,4314902,EEI ANJO SAPEQUINHA
43089178,5233 EEI NOSSO SENHOR DOS PASSOS,4314902,5233 EEI NOSSO SENHOR DOS PASSOS
43107753,ESCOLA INFANTIL GATO DE BOTAS E PEQUENO POLEGAR,4314902,INFANTIL GATO DE BOTAS E PEQUENO POLEGAR
43148646,ESCOLA DE EDUCACAO INFANTIL GALERINHA DO BEM,4314902,DE EDUCACAO INFANTIL GALERINHA DO BEM
43191959,ESCOLA DE EDUCACAO INFANTIL CEGONHA SAPECA,4314902,DE EDUCACAO INFANTIL CEGONHA SAPECA
43201466,DESPERTAR EDUCACAO INFANTIL LTDA,4314902,DESPERTAR EDUCACAO INFANTIL LTDA
43239404,ESCOLA DE EDUCACAO INFANTIL CRIANCA VIDA,4314902,DE EDUCACAO INFANTIL CRIANCA VIDA
43254403,5165 IEI VOVO BELINHA,4314902,5165 IEI VOVO BELINHA
43298133,5189 IEI CANTO DOS ANJOS,4314902,5189 IEI CANTO DOS ANJOS
43362486,ES EDUC INF DIVINA INFANCIA,4314902,ES EDUC INF DIVINA INFANCIA
43006787,EEI CONTO DE FADAS,4314902,EEI CONTO DE FADAS
43008666,5225 IEI ESPACO DO SABER,4314902,5225 IEI ESPACO DO SABER
43009085,EEI URSINHOS CARINHOSOS,4314902,EEI URSINHOS CARINHOSOS
43046576,EEI SONHO MEU,4314902,EEI SONHO MEU
43185517,5042 IEI PIU PIU,4314902,5042 IEI PIU PIU
43190200,ESCOLA DE EDUCACAO INFANTIL VOVO ANINHA,4314902,DE EDUCACAO INFANTIL VOVO ANINHA
43211240,CENTRO INFANTIL ALGODAO DOCE,4314902,CENTRO INFANTIL ALGODAO DOCE
43246028,ESC EDUC INF JANELINHA,4314902,ESC EDUC INF JANELINHA
43275001,ESC EDUC INF TIA DAISY,4314902,ESC EDUC INF TIA DAISY
43004300,EEI IGORZINHO,4314902,EEI IGORZINHO
43004768,MUNDO EDUCACAO INFANTIL,4314902,MUNDO EDUCACAO INFANTIL
43046088,5238 EEI CHEIRINHO DE MAE,4314902,5238 EEI CHEIRINHO DE MAE
43051510,5236 EEI PITINGUINHA,4314902,5236 EEI PITINGUINHA
43142591,EEI PEDACINHO DO CEU,4314902,EEI PEDACINHO DO CEU
43185169,5024 IEI LAR DA CRIANCA MENINO JESUS DE PRAGA,4314902,5024 IEI LAR DA CRIANCA MENINO JESUS DE PRAGA
43185185,5069 IEI CRECHE LAR DA CRIANCA,4314902,5069 IEI CRECHE LAR DA CRIANCA
43189709,ESCOLA DE EDUCACAO INFANTIL FLORESTINHA - HIPICA,4314902,DE EDUCACAO INFANTIL FLORESTINHA HIPICA
43190090,BOLA E BAMBOLE LTDA,4314902,BOLA E BAMBOLE LTDA
43191746,ESCOLA DE EDUCACAO INFANTIL LAR DO BEBE PUPILEIRA,4314902,DE EDUCACAO INFANTIL LAR DO BEBE PUPILEIRA
43191819,INSTITUICAO DE EDUCACAO INFANTIL HOTELZINHO,4314902,INSTITUICAO DE EDUCACAO INFANTIL HOTELZINHO
43212808,EEI ARTE E TRAVESSURA,4314902,EEI ARTE E TRAVESSURA
43295274,5172 EEI POPULAR NOVA GERACAO,4314902,5172 EEI POPULAR NOVA GERACAO
43296130,5190 EEI PINGUINHOS DE OURO,4314902,5190 EEI PINGUINHOS DE OURO
43006841,5222 IEI PRISMA,4314902,5222 IEI PRISMA
43009093,EEI LUDICA INFANCIA - CESI JUNIOR ZONA SUL,4314902,EEI LUDICA INFANCIA CESI JUNIOR ZONA SUL
43185568,5026 IEI CRIANCA ESPERANCA,4314902,5026 IEI CRIANCA ESPERANCA
43187587,LAR DA PEQUENA CRIANCA,4314902,LAR DA PEQUENA CRIANCA
43187811,5075 IEI MARIA DOLABELLA PORTELA,4314902,5075 IEI MARIA DOLABELLA PORTELA
43190634,5085 EEI BATILANOS,4314902,5085 EEI BATILANOS
43191266,BABY E CIA,4314902,BABY E CIA
43208215,ESC EDUC INF A TURMA DO BARULHO,4314902,ESC EDUC INF A TURMA DO BARULHO
43208312,5134 EEI PE DE PILAO,4314902,5134 EEI PE DE PILAO
43212298,ESCOLA DE EDUCACAO INFANTIL RISCOS E RABISCOS,4314902,DE EDUCACAO INFANTIL RISCOS E RABISCOS
43213138,5243 ECEI AMURT BELEM NOVO,4314902,5243 ECEI AMURT BELEM NOVO
43298214,EEI PEQUENO APRENDIZ,4314902,EEI PEQUENO APRENDIZ
43300146,5180 EEI PORTAL ENCANTADO,4314902,5180 EEI PORTAL ENCANTADO
43008925,EEI TURMA DA MONICA,4314902,EEI TURMA DA MONICA
43108610,ESCOLA DE EDUCACAO INFANTIL PE DE FEIJAO,4314902,DE EDUCACAO INFANTIL PE DE FEIJAO
43162274,5245 EEI ENI MEDEIROS,4314902,5245 EEI ENI MEDEIROS
43188184,EEI MARISTA TIA JUSSARA,4314902,EEI MARISTA TIA JUSSARA
43189024,5008 EEI JOANA DARC,4314902,5008 EEI JOANA DARC
43201105,CENTRO ATENDIMENTO INFANTIL TURMA DO MORANGUINHO,4314902,CENTRO ATENDIMENTO INFANTIL TURMA DO MORANGUINHO
43203167,ESCOLA DE EDUCACAO INFANTIL VAMOS CRESCER,4314902,DE EDUCACAO INFANTIL VAMOS CRESCER
43274005,ESC EDUC INF DUMBO,4314902,ESC EDUC INF DUMBO
43367453,ESC EDUC INF PEQUENO PRINCIPE LTDA,4314902,ESC EDUC INF PEQUENO PRINCIPE LTDA
43187358,FILHOTINHO CENTRO DE EDUCACAO INFANTIL LTDA,4314902,FILHOTINHO CENTRO DE EDUCACAO INFANTIL LTDA
43188060,ESCOLA INFANTIL BICHO CARPINTEIRO-2M LTDA,4314902,INFANTIL BICHO CARPINTEIRO 2M LTDA
43188460,5105 EEI ANANDA MARGA RESTINGA VELHA,4314902,5105 EEI ANANDA MARGA RESTINGA VELHA
43201237,5128 IEI TIA HELENA,4314902,5128 IEI TIA HELENA
43204635,5123 EEI GOTINHAS DE AMOR,4314902,5123 EEI GOTINHAS DE AMOR
43213006,CASTELINHO APRENDENDO A CRESCER,4314902,CASTELINHO APRENDENDO A CRESCER
43001874,EEI ABC DA INFANCIA,4314902,EEI ABC DA INFANCIA
43004881,EEI CANTINHO DO CEU,4314902,EEI CANTINHO DO CEU
43006809,EEI EDUCARE II,4314902,EEI EDUCARE II
43009158,EEI SEMEAR,4314902,EEI SEMEAR
43162509,EEI CANTINHO DA CRIANCA,4314902,EEI CANTINHO DA CRIANCA
43185088,5051 EEI TURMA DO BARULHO,4314902,5051 EEI TURMA DO BARULHO
43185525,5017 EEI NEGRINHO DO PASTOREIO,4314902,5017 EEI NEGRINHO DO PASTOREIO
43187684,ESCOLA REI ARTHUR,4314902,REI ARTHUR
43190570,5076 EEI DOM ORIONE,4314902,5076 EEI DOM ORIONE
43191738,EEI MUNDO MAGICO,4314902,EEI MUNDO MAGICO
43191843,ESC DE EDUC INF MIMO DE GENTE SOC SIMP LTDA ME,4314902,ESC DE EDUC INF MIMO DE GENTE SOC SIMP LTDA ME
43191932,ESCOLA EDUCACAO INFANTIL DOCE MEL,4314902,EDUCACAO INFANTIL DOCE MEL
43206239,5158 IEI ESCOLA DA VIDA,4314902,5158 IEI DA VIDA
43210953,CENTRO DE EDUCACAO INFANTIL CONSTRUINDO SABER,4314902,CENTRO DE EDUCACAO INFANTIL CONSTRUINDO SABER
43367356,5195 IEI ANJO DAS FLORES,4314902,5195 IEI ANJO DAS FLORES
43379060,5213 IEI PATATI PATATA,4314902,5213 IEI PATATI PATATA
43208401,QI ESCOLAS E FACULDADES,4314902,QI ESCOLAS E FACULDADES
43209521,CENTRO DE FORMACAO PROFISSIONAL SENAI AUTOMOTIVO PORTO ALEGRE,4314902,CENTRO DE FORMACAO PROFISSIONAL SENAI AUTOMOTIVO PORTO ALEGRE
43326080,CENTRO DE FORMACAO PROFISSIONAL SENAI PORTO ALEGRE,4314902,CENTRO DE FORMACAO PROFISSIONAL SENAI PORTO ALEGRE
43000495,QI ESCOLAS E FACULDADES LTDAALBERTO BINS POA,4314902,QI ESCOLAS E FACULDADES LTDAALBERTO BINS POA
43007392,ESC EDUC PROF FLIGHT,4314902,ESC EDUC PROF FLIGHT
43049702,SENAC RIO GRANDE DO SUL,4314902,SENAC RIO GRANDE DO SUL
43249604,ESCOLA PROFISSIONAL FUNDATEC,4314902,PROFISSIONAL FUNDATEC
43107591,ESC TEC JOSE CESAR DE MESQUITA,4314902,ESC TEC JOSE CESAR DE MESQUITA
43000533,QI ESCOLAS E FACULDADES LTDA JULIO DE CASTILHOS POA,4314902,QI ESCOLAS E FACULDADES LTDA JULIO DE CASTILHOS POA
43213146,GUAIBA CURSOS TECNICOS LTDA,4314902,GUAIBA CURSOS TECNICOS LTDA
43313051,SENAC SAUDE,4314902,SENAC SAUDE
43249809,ESCOLA DE EDUCACAO PROFISSIONAL UNITEC,4314902,DE EDUCACAO PROFISSIONAL UNITEC
43251005,ESC PROF FUNDACAO UNIVERSITARIA DE CARDIOLOGIA,4314902,ESC PROF FUNDACAO UNIVERSITARIA DE CARDIOLOGIA
43178316,ALCIDESMAYA,4314902,ALCIDESMAYA
43009212,SENAC INFORMATICA PORTO ALEGRE,4314902,SENAC INFORMATICA PORTO ALEGRE
43000517,ESCOLA DE EDUCACAO PROFISSIONAL PROFESSOR ALBERT EINSTEIN,4314902,DE EDUCACAO PROFISSIONAL PROFESSOR ALBERT EINSTEIN
43051545,EEP IBREP - EAD,4314902,EEP IBREP EAD
43178294,ESCOLA TECNICA FACTUM,4314902,TECNICA FACTUM
43176500,CENTRO DE FORMACAO PROFISSIONAL SENAI VISCONDE DE MAUA,4314902,CENTRO DE FORMACAO PROFISSIONAL SENAI VISCONDE DE MAUA
43178634,ESCOLA TECNICA CRISTO REDENTOR,4314902,TECNICA CRISTO REDENTOR
43201776,CENTRO TECNOLOGICO DA ACM,4314902,CENTRO TECNOLOGICO DA ACM
43006850,COLEGIO AGIR,4314902,COLEGIO AGIR
43133010,COLEGIO METODO,4314902,COLEGIO METODO
43206875,COLEGIO MARISTA PROFESSORA IVONE VETTORELLO,4314902,COLEGIO MARISTA PROFESSORA IVONE VETTORELLO
43210937,ESCOLA TECNICA TOP CURSOS BRASIL,4314902,TECNICA TOP CURSOS BRASIL
43175546,ESCOLA DE ENSINO MEDIO UNIVERSITARIO - PORTO ALEGRE,4314902,DE ENSINO MEDIO UNIVERSITARIO PORTO ALEGRE
43109152,COLEGIO MURIALDO,4314902,COLEGIO MURIALDO
43000452,ESC ENS MEDIO CESI ZONA SUL,4314902,ESC ENS MEDIO CESI ZONA SUL
43203817,COLEGIO MESQUITA,4314902,COLEGIO MESQUITA
43172393,ESCOLA DE ENSINO MEDIO VINICIUS DE MORAIS,4314902,DE ENSINO MEDIO VINICIUS DE MORAIS
43109136,ESCOLA PANAMERICANA EDUC BASICA,4314902,PANAMERICANA EDUC BASICA
43089089,EEP SENAC GESTAO E NEGOCIOS,4314902,EEP SENAC GESTAO E NEGOCIOS
43109276,EEF AMIGOS DO VERDE,4314902,AMIGOS DO VERDE
43181139,ESC ENS FUND SAO FRANCISCO - SANTA FE,4314902,ESC ENS FUND SAO FRANCISCO SANTA FE
43009069,EEI PROTASIO,4314902,EEI PROTASIO
43179045,ESCOLA ESPECIAL PARA SURDOS FREI PACIFICO,4314902,ESPECIAL PARA SURDOS FREI PACIFICO
43105300,ESCOLA DE ENSINO FUNDAMENTAL MADRE RAFFO,4314902,DE MADRE RAFFO
43107567,COLEGIO LUTERANO DA PAZ,4314902,COLEGIO LUTERANO DA PAZ
43141803,EEF MAPLE BEAR PORTO ALEGRE,4314902,MAPLE BEAR PORTO ALEGRE
43105289,ESC ENS FUND MARIA AUXILIADORA,4314902,ESC ENS FUND MARIA AUXILIADORA
43009000,EEF CRESCER,4314902,CRESCER
43109373,CENTRO DE ENSINO FUNDAMENTAL PROJETO,4314902,CENTRO DE PROJETO
43171788,ESC DE ENS FUND CONSTRUCTOR,4314902,ESC DE ENS FUND CONSTRUCTOR
43181155,EEF CRISTA DA BRASA,4314902,CRISTA DA BRASA
43005055,ESC ENS FUND WALDORF QUERENCIA,4314902,ESC ENS FUND WALDORF QUERENCIA
43107974,ESCOLA DE ENSINO FUNDAMENTAL SAO FRANCISCO - ZONA SUL,4314902,DE SAO FRANCISCO ZONA SUL
43004423,INSTITUTO EDUCACIONAL REVERENDO OLAVO NUNES,4314902,INSTITUTO EDUCACIONAL REVERENDO OLAVO NUNES
43105416,6001 EEF PEQUENA CASA DA CRIANCA,4314902,6001 PEQUENA CASA DA CRIANCA
43190863,ESC ENS INF FUND KINDER LAND,4314902,ESC ENS INF FUND KINDER LAND
43208800,ESC ENS FUND CENTRO INTEGRADO DE DESENVOLVIMENTO,4314902,ESC ENS FUND CENTRO INTEGRADO DE DESENVOLVIMENTO
43108849,EEF LA SALLE ESMERALDA,4314902,LA SALLE ESMERALDA
43142435,ESCOLA DE ENSINO FUNDAMENTAL ZONA SUL EIRELI,4314902,DE ZONA SUL EIRELI
43105270,ESC DE ENS FUND NOSSA SENHORA DO CENACULO,4314902,ESC DE ENS FUND NOSSA SENHORA DO CENACULO
43105343,ESC ENS FUN NOSSA SENHORA DO BRASIL,4314902,ESC ENS FUN NOSSA SENHORA DO BRASIL
43249612,SOCIEDADE MANTENEDORA PRO-SABER LTDA,4314902,SOCIEDADE MANTENEDORA PRO SABER LTDA
43107427,ESCOLA FUNDAMENTAL SAO FRANCISCO MENINO DEUS,4314902,FUNDAMENTAL SAO FRANCISCO MENINO DEUS
43107400,ESC DE ENSINO FUNDAMENTAL MAE ADMIRAVEL,4314902,ESC DE MAE ADMIRAVEL
43105629,ESC ADVENTISTA DE ENSINO FUNDAMENTAL DE SARANDI,4314902,ESC ADVENTISTA DE DE SARANDI
43175490,ESC ENS MED SOCIEDADE EDUCACIONAL MONTEIRO LOBATO,4314902,ESC ENS MED SOCIEDADE EDUCACIONAL MONTEIRO LOBATO
43179070,ESC EDUC ESPECIAL CEREPAL,4314902,ESC EDUC ESPECIAL CEREPAL
43179622,ESC EDUC ESPECIAL NAZARETH APAE POA,4314902,ESC EDUC ESPECIAL NAZARETH APAE POA
43179886,ESC ESP DR JOAO ALFREDO DE AZEVEDO,4314902,ESC ESP DR JOAO ALFREDO DE AZEVEDO
43000487,ESCOLA TECNICA CECILIA MEIRELES - SEG,4314902,TECNICA CECILIA MEIRELES SEG
43104991,COL MARIA IMACULADA,4314902,COL MARIA IMACULADA
43107559,INSTITUTO SANTA LUZIA,4314902,INSTITUTO SANTA LUZIA
43107389,COLEGIO VICENTINO SANTA CECILIA,4314902,COLEGIO VICENTINO SANTA CECILIA
43105084,COL LA SALLE SANTO ANTONIO,4314902,COL LA SALLE SANTO ANTONIO
43107613,INSTITUTO SAO FRANCISCO PALLOTTI,4314902,INSTITUTO SAO FRANCISCO PALLOTTI
43105050,COLEGIO RAINHA DO BRASIL,4314902,COLEGIO RAINHA DO BRASIL
43105637,COL ADVENTISTA MARECHAL RONDON,4314902,COL ADVENTISTA MARECHAL RONDON
43107451,INSTITUTO SAO FRANCISCO SANTA FAMILIA,4314902,INSTITUTO SAO FRANCISCO SANTA FAMILIA
43211402,COLEGIO ROMANO SENHOR BOM JESUS,4314902,COLEGIO ROMANO SENHOR BOM JESUS
43107435,COLEGIO ROMANO SANTA MARTA,4314902,COLEGIO ROMANO SANTA MARTA
43108164,COL MARISTA NOSSA SENHORA DO ROSARIO,4314902,COL MARISTA NOSSA SENHORA DO ROSARIO
43108423,COLEGIO PROVINCIA DE SAO PEDRO,4314902,COLEGIO PROVINCIA DE SAO PEDRO
43104940,COLEGIO BATISTA,4314902,COLEGIO BATISTA
43105335,ESC ENS MEDIO MARIA IMACULADA,4314902,ESC ENS MEDIO MARIA IMACULADA
43107575,COLEGIO JOAO XXIII,4314902,COLEGIO JOAO XXIII
43105351,COLEGIO ROMANO SAO MATEUS,4314902,COLEGIO ROMANO SAO MATEUS
43178740,COLEGIO MARISTA IPANEMA,4314902,COLEGIO MARISTA IPANEMA
43105114,COLEGIO SAO JUDAS TADEU,4314902,COLEGIO SAO JUDAS TADEU
43172440,COLEGIO LEONARDO DA VINCI- BETA,4314902,COLEGIO LEONARDO DA VINCI BETA
43172423,COLEGIO LEONARDO DA VINCI-ALFA,4314902,COLEGIO LEONARDO DA VINCI ALFA
43105149,COLEGIO BOM JESUS SEVIGNE,4314902,COLEGIO BOM JESUS SEVIGNE
43105017,COL NOSSA SENHORA DO BOM CONSELHO,4314902,COL NOSSA SENHORA DO BOM CONSELHO
43105068,COLEGIO SANTA INES,4314902,COLEGIO SANTA INES
43107524,COL METODISTA AMERICANO,4314902,COL METODISTA AMERICANO
43108130,COLEGIO ACM CENTRO,4314902,COLEGIO ACM CENTRO
43173330,COL JOAO PAULO I - UNIDADE SUL,4314902,COL JOAO PAULO I UNIDADE SUL
43104983,COLEGIO ISRAELITA BRASILEIRO,4314902,COLEGIO ISRAELITA BRASILEIRO
43107605,COL KENNEDY,4314902,COL KENNEDY
43105025,COLEGIO NOSSA SRA DA GLORIA,4314902,COLEGIO NOSSA SRA DA GLORIA
43105670,COLEGIO SINODAL DO SALVADOR,4314902,COLEGIO SINODAL DO SALVADOR
43173349,COL CONHECER,4314902,COL CONHECER
43105106,COL LA SALLE SAO JOAO,4314902,COL LA SALLE SAO JOAO
43203833,ESCOLA ESPECIAL ULBRA CONCORDIA,4314902,ESPECIAL ULBRA CONCORDIA
43104924,COLEGIO ANCHIETA,4314902,COLEGIO ANCHIETA
43107494,CENTRO DE ENSINO MEDIO PASTOR DOHMS-UNIDADE DE ENSINO HIGIENOPOLIS,4314902,CENTRO DE ENSINO MEDIO PASTOR DOHMS UNIDADE DE ENSINO HIGIENOPOLIS
43109284,CENTRO DE ENSINO MEDIO PASTOR DOHMS- UNIDADE DE ENSINO ZONA SUL,4314902,CENTRO DE ENSINO MEDIO PASTOR DOHMS UNIDADE DE ENSINO ZONA SUL
43105033,COLEGIO LA SALLE DORES,4314902,COLEGIO LA SALLE DORES
43105408,COLEGIO ADVENTISTA DE PORTO ALEGRE,4314902,COLEGIO ADVENTISTA DE PORTO ALEGRE
43107419,COLEGIO MAE DE DEUS,4314902,COLEGIO MAE DE DEUS
43107877,INSTITUTO DE EDUCACAO SAO FRANCISCO,4314902,INSTITUTO DE EDUCACAO SAO FRANCISCO
43104959,COLEGIO MARISTA CHAMPAGNAT,4314902,COLEGIO MARISTA CHAMPAGNAT
43104975,CENT ENS MEDIO FARROUPILHA,4314902,CENT ENS MEDIO FARROUPILHA
43105076,COLEGIO SANTA TERESA DE JESUS PORTO ALEGRE,4314902,COLEGIO SANTA TERESA DE JESUS PORTO ALEGRE
43105734,COL SANTA DOROTEIA,4314902,COL SANTA DOROTEIA
43107362,COLEGIO MARISTA ASSUNCAO,4314902,COLEGIO MARISTA ASSUNCAO
43104967,COL CONCORDIA,4314902,COL CONCORDIA
43238203,COLEGIO JOAO PAULO I,4314902,COLEGIO JOAO PAULO I
43105130,COLEGIO MARISTA SAO PEDRO,4314902,COLEGIO MARISTA SAO PEDRO
43107800,COLEGIO ADVENTISTA DO PARTENON,4314902,COLEGIO ADVENTISTA DO PARTENON
43109330,COL MONTEIRO LOBATO - ESC EDUC BASICA,4314902,COL MONTEIRO LOBATO ESC EDUC BASICA
43107397,ESC DE EDUC BASICA DON LUIS GUANELLA,4314902,ESC DE EDUC BASICA DON LUIS GUANELLA
43210805,ESC EDUC ESPECIAL BARBARA SYBILLE FISCHINGER,4314902,ESC EDUC ESPECIAL BARBARA SYBILLE FISCHINGER
43107370,COLEGIO SALESIANO DOM BOSCO,4314902,COLEGIO SALESIANO DOM BOSCO
43200273,COLEGIO UNIVERSITARIO,4314902,COLEGIO UNIVERSITARIO
43106749,ESC EST ENS FUN MARIA ALTINA DE ARAUJO,4314902,ESC EST ENS FUN MARIA ALTINA DE ARAUJO
43106285,ESC EST ENS FUN DR OSWALDO ARANHA,4314902,ESC EST ENS FUN DR OSWALDO ARANHA
43105777,ESC EST ENS FUN ALBERTO BINS,4314902,ESC EST ENS FUN ALBERTO BINS
43173250,ESC EST ENS FUN DR MIGUEL TOSTES,4314902,ESC EST ENS FUN DR MIGUEL TOSTES
43106730,ESC EST ENS FUN MARECHAL MALLET,4314902,ESC EST ENS FUN MARECHAL MALLET
43209548,CENTRO ORIENT E PREPARACAO PARA TRABALHO - COPA,4314902,CENTRO ORIENT E PREPARACAO PARA TRABALHO COPA
43107028,ESC EST ENS FUN PLACIDO DE CASTRO,4314902,ESC EST ENS FUN PLACIDO DE CASTRO
43107109,EEEF PROFESSOR ERNESTO TOCCHETTO,4314902,EEEF PROFESSOR ERNESTO TOCCHETTO
43106404,ESC EST ENS FUN FELIPE DE OLIVEIRA,4314902,ESC EST ENS FUN FELIPE DE OLIVEIRA
43107940,ESC EST ENS FUN BENJAMIN CONSTANT,4314902,ESC EST ENS FUN BENJAMIN CONSTANT
43106226,ESC EST ENS FUN DR JOAO BATISTA DE LACERDA,4314902,ESC EST ENS FUN DR JOAO BATISTA DE LACERDA
43108393,ESC EST ENS FUN BRIGADEIRO EDUARDO GOMES,4314902,ESC EST ENS FUN BRIGADEIRO EDUARDO GOMES
43107184,ESC EST ENS MED ROQUE GONZALES,4314902,ESC EST ENS MED ROQUE GONZALES
43108962,COL ESTADUAL PADRE RAMBO,4314902,COL PADRE RAMBO
43105238,ESC EST ENS MED PADRE REUS,4314902,ESC EST ENS MED PADRE REUS
43108008,COL ESTADUAL INACIO MONTANHA,4314902,COL INACIO MONTANHA
43105220,COL ESTADUAL JULIO DE CASTILHOS,4314902,COL JULIO DE CASTILHOS
43108024,COL ESTADUAL PIRATINI,4314902,COL PIRATINI
43105203,COL ESTADUAL CANDIDO JOSE DE GODOI,4314902,COL CANDIDO JOSE DE GODOI
43108105,COLEGIO TIRADENTES DA BRIGADA MILITAR DE PORTO ALEGRE,4314902,COLEGIO TIRADENTES DA BRIGADA MILITAR DE PORTO ALEGRE
43108903,ESC EST ENS MED PRESIDENTE COSTA E SILVA,4314902,ESC EST ENS MED PRESIDENTE COSTA E SILVA
43105211,ESC EST ENS MED INFANTE DOM HENRIQUE,4314902,ESC EST ENS MED INFANTE DOM HENRIQUE
43105920,ESC EST ENS FUN BAEPENDI,4314902,ESC EST ENS FUN BAEPENDI
43106811,ESC EST ENS FUN MONTE LIBANO,4314902,ESC EST ENS FUN MONTE LIBANO
43106900,ESC EST ENS FUN OTHELO ROSA,4314902,ESC EST ENS FUN OTHELO ROSA
43107044,ESC EST ENS FUN SIMOES LOPES NETO,4314902,ESC EST ENS FUN SIMOES LOPES NETO
43108954,ESC EST ENS FUN LUIZ DE AZAMBUJA SOARES,4314902,ESC EST ENS FUN LUIZ DE AZAMBUJA SOARES
43106668,ESC EST ENS FUN PROFESSORA LEOPOLDA BARNEWITZ,4314902,ESC EST ENS FUN PROFESSORA LEOPOLDA BARNEWITZ
43106781,ESC EST ENS FUN MEDIANEIRA,4314902,ESC EST ENS FUN MEDIANEIRA
43107303,ESC EST ENS FUN DANILO ANTONIO ZAFFARI,4314902,ESC EST ENS FUN DANILO ANTONIO ZAFFARI
43105890,ESC EST ENS FUN ARAUJO PORTO ALEGRE,4314902,ESC EST ENS FUN ARAUJO PORTO ALEGRE
43105742,ESC EST ENS FUN PROFESSORA MARINA MARTINS DE SOUZA,4314902,ESC EST ENS FUN PROFESSORA MARINA MARTINS DE SOUZA
43105793,ESC EST ENS FUN ALCEU WAMOSY,4314902,ESC EST ENS FUN ALCEU WAMOSY
43105971,ESC EST ENS FUN PROFESSORA BRANCA DIVA PEREIRA DE SOUZA,4314902,ESC EST ENS FUN PROFESSORA BRANCA DIVA PEREIRA DE SOUZA
43107192,ESC EST ENS FUN WILLIAM RICHARD SCHISLER,4314902,ESC EST ENS FUN WILLIAM RICHARD SCHISLER
43108350,ESC EST ENS FUN PONCHO VERDE,4314902,ESC EST ENS FUN PONCHO VERDE
43109179,ESC EST ENS FUN JOSE GARIBALDI,4314902,ESC EST ENS FUN JOSE GARIBALDI
43173195,ESC EST ENS FUN MANE GARRINCHA CIEP ESPORTIVO,4314902,ESC EST ENS FUN MANE GARRINCHA CIEP ESPORTIVO
43106897,ESC EST ENS FUN OTAVIO MANGABEIRA,4314902,ESC EST ENS FUN OTAVIO MANGABEIRA
43106960,ESC EST ENS FUN PAULINA MORESCO,4314902,ESC EST ENS FUN PAULINA MORESCO
43107095,ESC EST ENS FUN PROF CARLOS RODRIGUES DA SILVA,4314902,ESC EST ENS FUN PROF CARLOS RODRIGUES DA SILVA
43174345,ESC EST ESPEC RENASCENCA,4314902,ESC EST ESPEC RENASCENCA
43105840,ESC EST ENS FUN ANA NERI,4314902,ESC EST ENS FUN ANA NERI
43105947,ESC EST ENS FUN PADRE BALDUINO RAMBO,4314902,ESC EST ENS FUN PADRE BALDUINO RAMBO
43108806,ESC EST ENS FUN TANCREDO NEVES,4314902,ESC EST ENS FUN TANCREDO NEVES
43106706,ESC EST ENS FUN MACHADO DE ASSIS,4314902,ESC EST ENS FUN MACHADO DE ASSIS
43107966,ESC EST ENS FUN PROFESSOR SYLVIO TORRES,4314902,ESC EST ENS FUN PROFESSOR SYLVIO TORRES
43106145,ESC EST ENS FUN ALMIRANTE ALVARO ALBERTO DA MOTTA E SILVA,4314902,ESC EST ENS FUN ALMIRANTE ALVARO ALBERTO DA MOTTA E SILVA
43106773,ESC EST ENS FUN MATIAS DE ALBUQUERQUE,4314902,ESC EST ENS FUN MATIAS DE ALBUQUERQUE
43108784,ESC EST ENS FUN PAUL HARRIS,4314902,ESC EST ENS FUN PAUL HARRIS
43000479,E E IND ENS FUN TUPE PAN,4314902,E E IND ENS FUN TUPE PAN
43109250,ESC EST ENS FUN JARDIM VILA NOVA,4314902,ESC EST ENS FUN JARDIM VILA NOVA
43105394,ESC EST ENS FUN NACOES UNIDAS,4314902,ESC EST ENS FUN NACOES UNIDAS
43106560,ESC EST ENS FUN ILDEFONSO GOMES,4314902,ESC EST ENS FUN ILDEFONSO GOMES
43106188,ESC EST ENS FUN DONA LUIZA FREITAS VALE ARANHA,4314902,ESC EST ENS FUN DONA LUIZA FREITAS VALE ARANHA
43106234,ESC EST ENS FUN DR JOSE CARLOS FERREIRA,4314902,ESC EST ENS FUN DR JOSE CARLOS FERREIRA
43106650,ESC EST ENS FUN DR HEROPHILO CARVALHO DE AZAMBUJA,4314902,ESC EST ENS FUN DR HEROPHILO CARVALHO DE AZAMBUJA
43106862,ESC EST ENS FUN OLEGARIO MARIANO,4314902,ESC EST ENS FUN OLEGARIO MARIANO
43107133,ESC EST ENS FUN PROFESSORA VIOLETA MAGALHAES,4314902,ESC EST ENS FUN PROFESSORA VIOLETA MAGALHAES
43105882,ESC EST ENS FUN ARAGUAIA,4314902,ESC EST ENS FUN ARAGUAIA
43106412,ESC EST ENS FUN FERNANDO FERRARI,4314902,ESC EST ENS FUN FERNANDO FERRARI
43106889,ESC EST ENS FUN OSORIO DUQUE ESTRADA,4314902,ESC EST ENS FUN OSORIO DUQUE ESTRADA
43107168,ESC EST ENS FUN RIO DE JANEIRO,4314902,ESC EST ENS FUN RIO DE JANEIRO
43106013,ESC EST ENS FUN CAMILA FURTADO ALVES,4314902,ESC EST ENS FUN CAMILA FURTADO ALVES
43106692,ESC EST ENS FUN LUIZ GAMA,4314902,ESC EST ENS FUN LUIZ GAMA
43106803,ESC EST ENS FUN MONSENHOR ROBERTO LANDELL DE MOURA,4314902,ESC EST ENS FUN MONSENHOR ROBERTO LANDELL DE MOURA
43106994,ESC EST ENS FUN PEDRO SIRANGELO,4314902,ESC EST ENS FUN PEDRO SIRANGELO
43108474,ESC EST ENS FUN VINTE DE SETEMBRO,4314902,ESC EST ENS FUN VINTE DE SETEMBRO
43109268,ESC EST ENS FUN MINISTRO SALGADO FILHO,4314902,ESC EST ENS FUN MINISTRO SALGADO FILHO
43174337,ESC EST ESPEC CRISTO REDENTOR,4314902,ESC EST ESPEC CRISTO REDENTOR
43105750,ESC EST ENS FUN ACORIANOS,4314902,ESC EST ENS FUN ACORIANOS
43107338,ESC EST ENS FUN SANTA LUZIA,4314902,ESC EST ENS FUN SANTA LUZIA
43108547,ESC EST ENS FUN DAVID CANABARRO,4314902,ESC EST ENS FUN DAVID CANABARRO
43106501,ESC EST ENS FUN GONCALVES DIAS,4314902,ESC EST ENS FUN GONCALVES DIAS
43108342,ESC EST ENS FUN MINISTRO POTY MEDEIROS,4314902,ESC EST ENS FUN MINISTRO POTY MEDEIROS
43109357,ESC EST ENS FUN AYRTON SENNA DA SILVA,4314902,ESC EST ENS FUN AYRTON SENNA DA SILVA
43106200,ESC EST ENS FUN DR EMILIO KEMP,4314902,ESC EST ENS FUN DR EMILIO KEMP
43108792,ESC EST ENS FUN PROFESSORA THEREZA NORONHA CARVALHO,4314902,ESC EST ENS FUN PROFESSORA THEREZA NORONHA CARVALHO
43106102,ESC EST ENS FUN CORONEL TITO MARQUES FERNANDES,4314902,ESC EST ENS FUN CORONEL TITO MARQUES FERNANDES
43106676,ESC EST ENS FUN PROFESSOR LEOPOLDO TIETBOHL,4314902,ESC EST ENS FUN PROFESSOR LEOPOLDO TIETBOHL
43106722,ESC EST ENS FUN MAJOR MIGUEL JOSE PEREIRA,4314902,ESC EST ENS FUN MAJOR MIGUEL JOSE PEREIRA
43107001,ESC EST ENS FUN PIAUI,4314902,ESC EST ENS FUN PIAUI
43107257,ESC EST ENS FUN TENENTE CORONEL TRAVASSOS ALVES,4314902,ESC EST ENS FUN TENENTE CORONEL TRAVASSOS ALVES
43107826,ESC EST ENS FUN OSWALDO VERGARA,4314902,ESC EST ENS FUN OSWALDO VERGARA
43108300,ESC EST ENS FUN HELENA LITWIN SCHNEIDER,4314902,ESC EST ENS FUN HELENA LITWIN SCHNEIDER
43105998,ESC EST ENS FUN BRIGADEIRO FRANCISCO DE LIMA E SILVA,4314902,ESC EST ENS FUN BRIGADEIRO FRANCISCO DE LIMA E SILVA
43105564,ESC EST ENS FUN PROFESSORA LUIZA TEIXEIRA LAUFFER,4314902,ESC EST ENS FUN PROFESSORA LUIZA TEIXEIRA LAUFFER
43106331,ESC EST ENS FUN ESPIRITO SANTO,4314902,ESC EST ENS FUN ESPIRITO SANTO
43106820,ESC EST ENS FUN NOSSA SENHORA DA CONCEICAO,4314902,ESC EST ENS FUN NOSSA SENHORA DA CONCEICAO
43106838,ESC EST ENS FUN PROFESSORA MARIA THEREZA DA SILVEIRA,4314902,ESC EST ENS FUN PROFESSORA MARIA THEREZA DA SILVEIRA
43107265,ESC EST ENS FUN URUGUAI,4314902,ESC EST ENS FUN URUGUAI
43108725,ESC EST ENS FUN ONOFRE PIRES,4314902,ESC EST ENS FUN ONOFRE PIRES
43171290,ESC EST ENS FUN JULIO BRUNELLI,4314902,ESC EST ENS FUN JULIO BRUNELLI
43106072,ESC EST ENS FUN PRUDENTE DE MORAIS,4314902,ESC EST ENS FUN PRUDENTE DE MORAIS
43106366,ESC EST ENS FUN EVA CARMINATTI,4314902,ESC EST ENS FUN EVA CARMINATTI
43106919,ESC EST ENS FUN PADRE LEO,4314902,ESC EST ENS FUN PADRE LEO
43106978,ESC EST ENS FUN PADRE THEODORO AMSTAD,4314902,ESC EST ENS FUN PADRE THEODORO AMSTAD
43108385,ESC EST ENS FUN PROFESSORA MARIETA DA CUNHA SILVA,4314902,ESC EST ENS FUN PROFESSORA MARIETA DA CUNHA SILVA
43105939,ESC EST ENS FUN BAHIA,4314902,ESC EST ENS FUN BAHIA
43106250,ESC EST ENS FUN DR MARTINS COSTA JUNIOR,4314902,ESC EST ENS FUN DR MARTINS COSTA JUNIOR
43106617,ESC EST ENS FUN JERONIMO DE ALBUQUERQUE,4314902,ESC EST ENS FUN JERONIMO DE ALBUQUERQUE
43107273,ESC EST ENS FUN VENEZUELA,4314902,ESC EST ENS FUN VENEZUELA
43108245,ESC EST ENS FUN LIONS CLUB POA FARRAPOS,4314902,ESC EST ENS FUN LIONS CLUB POA FARRAPOS
43106935,ESC EST ENS FUN PARAIBA CIEP,4314902,ESC EST ENS FUN PARAIBA CIEP
43106951,ESC EST ENS FUN VICENTE DA FONTOURA,4314902,ESC EST ENS FUN VICENTE DA FONTOURA
43107206,ESC EST ENS FUN SANTA RITA DE CASSIA,4314902,ESC EST ENS FUN SANTA RITA DE CASSIA
43106005,ESC EST ENS FUN BRIGADEIRO SILVA PAES,4314902,ESC EST ENS FUN BRIGADEIRO SILVA PAES
43106927,ESC EST ENS FUN MARIA CRISTINA CHIKA,4314902,ESC EST ENS FUN MARIA CRISTINA CHIKA
43105831,ESC EST ENS FUN AMERICA,4314902,ESC EST ENS FUN AMERICA
43106293,ESC EST ENS FUN DR PACHECO PRATES,4314902,ESC EST ENS FUN DR PACHECO PRATES
43106463,ESC EST ENS FUN GENERAL DALTRO FILHO,4314902,ESC EST ENS FUN GENERAL DALTRO FILHO
43107885,ESC EST ENS FUN TRES DE OUTUBRO,4314902,ESC EST ENS FUN TRES DE OUTUBRO
43106129,ESC EST ENS FUN CUSTODIO DE MELLO,4314902,ESC EST ENS FUN CUSTODIO DE MELLO
43107117,ESC EST ENS FUN PROFESSOR IVO CORSEUIL,4314902,ESC EST ENS FUN PROFESSOR IVO CORSEUIL
43106625,ESC EST ENS FUN JERONIMO DE ORNELAS,4314902,ESC EST ENS FUN JERONIMO DE ORNELAS
43107060,ESC EST ENS FUN PROFESSOR AFONSO GUERREIRO LIMA,4314902,ESC EST ENS FUN PROFESSOR AFONSO GUERREIRO LIMA
43174329,ESC EST ESPEC RECANTO DA ALEGRIA,4314902,ESC EST ESPEC RECANTO DA ALEGRIA
43106986,ESC EST ENS FUN PEDRO AMERICO,4314902,ESC EST ENS FUN PEDRO AMERICO
43108172,ESC EST ENS FUN PROFESSOR OLINTHO DE OLIVEIRA,4314902,ESC EST ENS FUN PROFESSOR OLINTHO DE OLIVEIRA
43108210,ESC EST ENS FUN LEA ROSA CECHINI BRUM,4314902,ESC EST ENS FUN LEA ROSA CECHINI BRUM
43106307,ESC EST ENS FUN DR VICTOR DE BRITTO,4314902,ESC EST ENS FUN DR VICTOR DE BRITTO
43106374,ESC EST ENS FUN EVARISTA FLORES DA CUNHA,4314902,ESC EST ENS FUN EVARISTA FLORES DA CUNHA
43107290,ESC EST ENS FUN ALDO LOCATELLI,4314902,ESC EST ENS FUN ALDO LOCATELLI
43107087,ESC EST ENS FUN AURELIO REIS,4314902,ESC EST ENS FUN AURELIO REIS
43107222,ESC EST ENS FUN SAO CAETANO,4314902,ESC EST ENS FUN SAO CAETANO
43107931,ESC EST ENS FUN SOUZA LOBO,4314902,ESC EST ENS FUN SOUZA LOBO
43109110,ESC EST ENS FUN VILA CRUZEIRO DO SUL,4314902,ESC EST ENS FUN VILA CRUZEIRO DO SUL
43105904,ESC EST ENS FUN ARAUJO VIANA,4314902,ESC EST ENS FUN ARAUJO VIANA
43105980,ESC EST ENS FUN BRASILIA,4314902,ESC EST ENS FUN BRASILIA
43106110,ESC EST ENS FUN GENERAL NETO,4314902,ESC EST ENS FUN GENERAL NETO
43107036,ESC EST ENS FUN PORTO ALEGRE,4314902,ESC EST ENS FUN PORTO ALEGRE
43106447,ESC EST ENS FUN GABRIELA MISTRAL,4314902,ESC EST ENS FUN GABRIELA MISTRAL
43106714,ESC EST ENS FUN MADRE MARIA SELIMA,4314902,ESC EST ENS FUN MADRE MARIA SELIMA
43107230,ESC EST ENS FUN SOLIMOES,4314902,ESC EST ENS FUN SOLIMOES
43108229,ESC EST ENS FUN CIDADE JARDIM,4314902,ESC EST ENS FUN CIDADE JARDIM
43108334,ESC EST ENS FUN TOYAMA,4314902,ESC EST ENS FUN TOYAMA
43106323,ESC EST ENS FUN ENG RODOLFO AHRONS,4314902,ESC EST ENS FUN ENG RODOLFO AHRONS
43106080,ESC EST ENS FUN CLOTILDE CACHAPUZ DE MEDEIROS,4314902,ESC EST ENS FUN CLOTILDE CACHAPUZ DE MEDEIROS
43106218,ESC EST ENS FUN DR FERREIRA DE ABREU,4314902,ESC EST ENS FUN DR FERREIRA DE ABREU
43107311,ESC EST ENS FUN ITAMARATI,4314902,ESC EST ENS FUN ITAMARATI
43107486,ESC EST ENS FUN SAO FRANCISCO DE ASSIS,4314902,ESC EST ENS FUN SAO FRANCISCO DE ASSIS
43109241,ESC EST ENS FUN NA VILA JARDIM RENASCENCA,4314902,ESC EST ENS FUN NA VILA JARDIM RENASCENCA
43106552,ESC EST ENS FUN HUMAITA,4314902,ESC EST ENS FUN HUMAITA
43106757,ESC EST ENS FUN MARIA JOSE MABILDE,4314902,ESC EST ENS FUN MARIA JOSE MABILDE
43108970,ESC EST ENS FUN MAURICIO SIROTSKY SOBRINHO,4314902,ESC EST ENS FUN MAURICIO SIROTSKY SOBRINHO
43005047,E E IND ENS FUN KA AGUY MIRI,4314902,E E IND ENS FUN KA AGUY MIRI
43106099,ESC EST ENS FUN COELHO NETO,4314902,ESC EST ENS FUN COELHO NETO
43106528,ESC EST ENS FUN DR GUSTAVO ARMBRUST,4314902,ESC EST ENS FUN DR GUSTAVO ARMBRUST
43108830,ESC EST ENS FUN ANITA GARIBALDI,4314902,ESC EST ENS FUN ANITA GARIBALDI
43106137,ESC EST ENS FUN DOM PEDRO I,4314902,ESC EST ENS FUN DOM PEDRO I
43106153,ESC EST ENS FUN DESIDERIO TORQUATO FINAMOR,4314902,ESC EST ENS FUN DESIDERIO TORQUATO FINAMOR
43106390,ESC EST ENS FUN FABIOLA PINTO DORNELLES,4314902,ESC EST ENS FUN FABIOLA PINTO DORNELLES
43106455,ESC EST ENS FUN GEN IBA ILHA MOREIRA,4314902,ESC EST ENS FUN GEN IBA ILHA MOREIRA
43106544,ESC EST ENS FUN HENRIQUE FARJAT,4314902,ESC EST ENS FUN HENRIQUE FARJAT
43106854,ESC EST ENS FUN PROFESSORA AURORA PEIXOTO DE AZEVEDO,4314902,ESC EST ENS FUN PROFESSORA AURORA PEIXOTO DE AZEVEDO
43106358,ESC EST ENS FUN EUCLIDES DA CUNHA,4314902,ESC EST ENS FUN EUCLIDES DA CUNHA
43105963,ESC EST ENS FUN MARGARIDA COELHO DE SOUZA,4314902,ESC EST ENS FUN MARGARIDA COELHO DE SOUZA
43106242,ESC EST ENS FUN DR JOSE LOUREIRO DA SILVA,4314902,ESC EST ENS FUN DR JOSE LOUREIRO DA SILVA
43106315,ESC EST ENS FUN DUQUE DE CAXIAS,4314902,ESC EST ENS FUN DUQUE DE CAXIAS
43106609,ESC EST ENS FUN ERICO VERISSIMO,4314902,ESC EST ENS FUN ERICO VERISSIMO
43106684,ESC EST ENS FUN LUCIANA DE ABREU,4314902,ESC EST ENS FUN LUCIANA DE ABREU
43107052,ESC EST ENS FUN GENOVEVA DA COSTA BERNARDES,4314902,ESC EST ENS FUN GENOVEVA DA COSTA BERNARDES
43107281,ESC EST ENS FUN VERA CRUZ,4314902,ESC EST ENS FUN VERA CRUZ
43106870,ESC EST ENS FUN OSCAR SCHMITT,4314902,ESC EST ENS FUN OSCAR SCHMITT
43108490,ESC EST ENS FUN BENTO GONCALVES,4314902,ESC EST ENS FUN BENTO GONCALVES
43106382,ESC EST ENS FUN EVARISTO GONCALVES NETTO,4314902,ESC EST ENS FUN EVARISTO GONCALVES NETTO
43106536,ESC EST ENS FUN HEITOR VILLA LOBOS,4314902,ESC EST ENS FUN HEITOR VILLA LOBOS
43191134,EEI ARQUITETO BATISTTINO ANELE-DAER,4314902,EEI ARQUITETO BATISTTINO ANELE DAER
43190871,EEI CENTRO ADM FERNANDO FERRARI,4314902,EEI CENTRO ADM FERNANDO FERRARI
43108881,ESC EDUC INF TIO CHICO,4314902,ESC EDUC INF TIO CHICO
43109314,EEEDPROFSAUDE NO HOSPITAL DE CLINICAS DE PORTO ALEGRE,4314902,EEEDPROFSAUDE NO HOSPITAL DE CLINICAS DE PORTO ALEGRE
43204929,NUCL E EJA E CP CARDEAL ALFREDO VICENTE SCHERER,4314902,NUCL E EJA E CP CARDEAL ALFREDO VICENTE SCHERER
43169244,NUCL E EJA E CP MENINO DEUS,4314902,NUCL E EJA E CP MENINO DEUS
43203850,NUCL E EJA E CP DARCY RIBEIRO,4314902,NUCL E EJA E CP DARCY RIBEIRO
43169252,NUCL E EJA E CP PAULO FREIRE,4314902,NUCL E EJA E CP PAULO FREIRE
43203841,NUCL E EJA E CP DARCY VARGAS,4314902,NUCL E EJA E CP DARCY VARGAS
43169279,NUCL E EJA E CP DESEMBARGADOR ALAOR ANTONIO TERRA,4314902,NUCL E EJA E CP DESEMBARGADOR ALAOR ANTONIO TERRA
43108776,ESC EST ENS FUN IRMAO MIGUEL DARIO,4314902,ESC EST ENS FUN IRMAO MIGUEL DARIO
43211496,NUCL E EJA E CP JULIETA VILLAMIL BALESTRO,4314902,NUCL E EJA E CP JULIETA VILLAMIL BALESTRO
43108083,COL ESTADUAL ODILA GAY DA FONSECA,4314902,COL ODILA GAY DA FONSECA
43105785,ESC EST ENS MED ALBERTO TORRES,4314902,ESC EST ENS MED ALBERTO TORRES
43106587,ESC EST ENS MED ITALIA,4314902,ESC EST ENS MED ITALIA
43108016,COL ESTADUAL MARECHAL FLORIANO PEIXOTO,4314902,COL MARECHAL FLORIANO PEIXOTO
43108091,COL ESTADUAL DR GLICERIO ALVES,4314902,COL DR GLICERIO ALVES
43108113,COL ESTADUAL FLORINDA TUBINO SAMPAIO,4314902,COL FLORINDA TUBINO SAMPAIO
43108318,ESC EST ENS MED BALTAZAR DE OLIVEIRA GARCIA,4314902,ESC EST ENS MED BALTAZAR DE OLIVEIRA GARCIA
43108709,COL ESTADUAL ELPIDIO FERREIRA PAES,4314902,COL ELPIDIO FERREIRA PAES
43180523,ESC EST ENS MED PARA SURDOS PROF LILIA MAZERON,4314902,ESC EST ENS MED PARA SURDOS PROF LILIA MAZERON
43105874,ESC EST ED BAS APELES PORTO ALEGRE,4314902,ESC EST ED BAS APELES PORTO ALEGRE
43106765,ESC EST ENS MED MARIZ E BARROS,4314902,ESC EST ENS MED MARIZ E BARROS
43107990,ESC EST ENS MED REPUBLICA ARGENTINA,4314902,ESC EST ENS MED REPUBLICA ARGENTINA
43106420,ESC EST ED BAS FERNANDO GOMES,4314902,ESC EST ED BAS FERNANDO GOMES
43108059,ESC EST ENS MED SANTOS DUMONT,4314902,ESC EST ENS MED SANTOS DUMONT
43108482,COL ESTADUAL PROFESSOR OTAVIO DE SOUZA,4314902,COL PROFESSOR OTAVIO DE SOUZA
43107982,C EST DE EN MED RAUL PILLA,4314902,C EST DE EN MED RAUL PILLA
43108202,COL ESTADUAL FRANCISCO A VIEIRA CALDAS JR,4314902,COL FRANCISCO A VIEIRA CALDAS JR
43105815,ESC EST ENS MED ALMIRANTE BARROSO,4314902,ESC EST ENS MED ALMIRANTE BARROSO
43106943,COL ESTADUAL PARANA,4314902,COL PARANA
43108750,ESC EST ENS MED OTAVIO ROCHA,4314902,ESC EST ENS MED OTAVIO ROCHA
43106439,ESC EST ENS MED OSCAR COELHO DE SOUZA,4314902,ESC EST ENS MED OSCAR COELHO DE SOUZA
43108180,COL ESTADUAL RUBEN BERTA,4314902,COL RUBEN BERTA
43107079,ESC EST ENS MED PROFESSOR ALCIDES CUNHA,4314902,ESC EST ENS MED PROFESSOR ALCIDES CUNHA
43107125,ESC EST ENS MED PROFESSOR SARMENTO LEITE,4314902,ESC EST ENS MED PROFESSOR SARMENTO LEITE
43106056,ESC EST ENS MED CEARA,4314902,ESC EST ENS MED CEARA
43106277,ESC EST ENS MED DR OSCAR TOLLENS,4314902,ESC EST ENS MED DR OSCAR TOLLENS
43106196,ESC EST ENS MED RAFAELA REMIAO,4314902,ESC EST ENS MED RAFAELA REMIAO
43108040,INST ESTADUAL RIO BRANCO,4314902,INST RIO BRANCO
43173306,ESC EST ENS MED CRISTOVAO COLOMBO,4314902,ESC EST ENS MED CRISTOVAO COLOMBO
43106790,ESC EST ED BAS MONSENHOR LEOPOLDO HOFF,4314902,ESC EST ED BAS MONSENHOR LEOPOLDO HOFF
43108237,COL ESTADUAL PAULA SOARES,4314902,COL PAULA SOARES
43105807,ESC EST ED BAS ALMIRANTE BACELAR,4314902,ESC EST ED BAS ALMIRANTE BACELAR
43108067,INST EST EDUC PAULO DA GAMA,4314902,INST EST EDUC PAULO DA GAMA
43105190,COL ESTADUAL DOM JOAO BECKER,4314902,COL DOM JOAO BECKER
43109187,COL ESTADUAL PROF ELMANO LAUFFER LEAL,4314902,COL PROF ELMANO LAUFFER LEAL
43105572,ESC EST NORMAL 1 DE MAIO,4314902,ESC EST NORMAL 1 DE MAIO
43105688,ESC TECNICA EST PAROBE,4314902,ESC TECNICA EST PAROBE
43105165,ESC TECNICA EST IRMAO PEDRO,4314902,ESC TECNICA EST IRMAO PEDRO
43105173,ESC TECNICA EST JOSE FEIJO,4314902,ESC TECNICA EST JOSE FEIJO
43105181,COL ESTADUAL PROTASIO ALVES,4314902,COL PROTASIO ALVES
43001254,E E IND ENS FUN PINDO POTY,4314902,E E IND ENS FUN PINDO POTY
43106633,ESC EST ENS MED PROFESSOR JULIO GRAU,4314902,ESC EST ENS MED PROFESSOR JULIO GRAU
43108741,COL ESTADUAL GENERAL ALVARO ALVES DA SILVA BRAGA,4314902,COL GENERAL ALVARO ALVES DA SILVA BRAGA
43105858,ESC EST ENS MED ANNE FRANK,4314902,ESC EST ENS MED ANNE FRANK
43107346,ESC EST ENS FUN VISCONDE DE PELOTAS,4314902,ESC EST ENS FUN VISCONDE DE PELOTAS
43106021,ESC EST ENS FUN CANDIDO PORTINARI,4314902,ESC EST ENS FUN CANDIDO PORTINARI
43105823,ESC EST ENS FUN ALVARENGA PEIXOTO,4314902,ESC EST ENS FUN ALVARENGA PEIXOTO
43107923,ESC EST ENS FUN CORONEL APARICIO BORGES,4314902,ESC EST ENS FUN CORONEL APARICIO BORGES
43106641,ESC EST ENS FUN PROF EDGAR LUIZ SCHNEIDER,4314902,ESC EST ENS FUN PROF EDGAR LUIZ SCHNEIDER
43107478,ESC EST ENS FUN DECIO MARTINS COSTA,4314902,ESC EST ENS FUN DECIO MARTINS COSTA
43106170,ESC EST ENS FUN IMPERATRIZ LEOPOLDINA,4314902,ESC EST ENS FUN IMPERATRIZ LEOPOLDINA
43106030,ESC EST ENS FUN DR CARLOS BARBOSA GONCALVES,4314902,ESC EST ENS FUN DR CARLOS BARBOSA GONCALVES
43106340,ESC EST ENS FUN ESTADO DO RIO GRANDE DO SUL,4314902,ESC EST ENS FUN ESTADO DO RIO GRANDE DO SUL
43107141,ESC EST ENS FUN PROFESSORES LANGENDONCK,4314902,ESC EST ENS FUN PROFESSORES LANGENDONCK
43208428,E E IND ENS FUN FAG NHIN,4314902,E E IND ENS FUN FAG NHIN
43108326,ESC EST ENS FUN LIDIA MOSCHETTI,4314902,ESC EST ENS FUN LIDIA MOSCHETTI
43106846,ESC EST ENS FUN NEHYTA MARTINS RAMOS,4314902,ESC EST ENS FUN NEHYTA MARTINS RAMOS
43107150,ESC EST ENS FUN RAFAEL PINTO BANDEIRA,4314902,ESC EST ENS FUN RAFAEL PINTO BANDEIRA
43208410,ESC EST IND EM ANHETENGUA,4314902,ESC EST IND EM ANHETENGUA
43105580,INST ESTADUAL DOM DIOGO DE SOUZA,4314902,INST DOM DIOGO DE SOUZA
43108032,COL ESTADUAL PRESIDENTE ARTHUR DA COSTA E SILVA,4314902,COL PRESIDENTE ARTHUR DA COSTA E SILVA
43108911,COL ESTADUAL ENG ILDO MENEGHETTI,4314902,COL ENG ILDO MENEGHETTI
43105386,INST ESTADUAL PROFESSORA GEMA ANGELINA BELIA,4314902,INST PROFESSORA GEMA ANGELINA BELIA
43106161,ESC EST ED BAS DOLORES ALCARAZ CALDAS,4314902,ESC EST ED BAS DOLORES ALCARAZ CALDAS
43105866,ESC EST ENS MED ANTAO DE FARIA,4314902,ESC EST ENS MED ANTAO DE FARIA
43106595,COL ESTADUAL JAPAO,4314902,COL JAPAO
43180728,ESC EST ENS MED TOM JOBIM,4314902,ESC EST ENS MED TOM JOBIM
43107214,ESC EST ENS MED SANTA ROSA,4314902,ESC EST ENS MED SANTA ROSA
43106048,COL ESTADUAL CARLOS FAGUNDES DE MELLO,4314902,COL CARLOS FAGUNDES DE MELLO
43107320,ESC EST ENS MED JOSE DO PATROCINIO,4314902,ESC EST ENS MED JOSE DO PATROCINIO
43108717,COL ESTADUAL CONEGO PAULO DE NADAL,4314902,COL CONEGO PAULO DE NADAL
43106480,ESC EST ENS MED PROFESSOR OSCAR PEREIRA,4314902,ESC EST ENS MED PROFESSOR OSCAR PEREIRA
43107354,ESC EST ENS MED VISCONDE DO RIO GRANDE,4314902,ESC EST ENS MED VISCONDE DO RIO GRANDE
43108768,ESC EST ED BAS PRESIDENTE ROOSEVELT,4314902,ESC EST ED BAS PRESIDENTE ROOSEVELT
43107850,ESC EST ENS MED SENADOR PASQUALINI,4314902,ESC EST ENS MED SENADOR PASQUALINI
43105769,ESC EST ENS MED AGRONOMO PEDRO PEREIRA,4314902,ESC EST ENS MED AGRONOMO PEDRO PEREIRA
43106498,ESC EST ED BAS GOMES CARNEIRO,4314902,ESC EST ED BAS GOMES CARNEIRO
43105696,ESC TECNICA EST SENADOR ERNESTO DORNELLES,4314902,ESC TECNICA EST SENADOR ERNESTO DORNELLES
43108733,COL ESTADUAL CORONEL AFONSO EMILIO MASSOT,4314902,COL CORONEL AFONSO EMILIO MASSOT
43107583,INST EST EDUC GENERAL FLORES DA CUNHA,4314902,INST EST EDUC GENERAL FLORES DA CUNHA
43173640,EMEI UNIDOS DA PAINEIRA,4314902,EMEI UNIDOS DA PAINEIRA
43109098,EMEF PROF LARRY JOSE RIBEIRO ALVES,4314902,PROF LARRY JOSE RIBEIRO ALVES
43293050,EMEF RINCAO,4314902,RINCAO
43105459,EMEF AMERICA,4314902,AMERICA
43175139,EMEI PONTA GROSSA,4314902,EMEI PONTA GROSSA
43173616,EMEI DA VILA FLORESTA,4314902,EMEI DA VILA FLORESTA
43173578,EMEI FLORENCIA VURLOD SOCIAS,4314902,EMEI FLORENCIA VURLOD SOCIAS
43175163,EMEI ILHA DA PINTADA,4314902,EMEI ILHA DA PINTADA
43177026,EMEI DA VILA VALNERI ANTUNES,4314902,EMEI DA VILA VALNERI ANTUNES
43173470,EMEI PADRE ANGELO COSTA,4314902,EMEI PADRE ANGELO COSTA
43173500,EMEI DA VILA NOVA SAO CARLOS,4314902,EMEI DA VILA NOVA SAO CARLOS
43173560,EMEI DA VILA NOVA RESTINGA,4314902,EMEI DA VILA NOVA RESTINGA
43173462,EMEI PROTASIO ALVES,4314902,EMEI PROTASIO ALVES
43048196,EMEI MIGUEL GRANATO VELASQUEZ,4314902,EMEI MIGUEL GRANATO VELASQUEZ
43107680,EMEI JP CIRANDINHA,4314902,EMEI JP CIRANDINHA
43107729,EMEI JP PICA-PAU AMARELO,4314902,EMEI JP PICA PAU AMARELO
43173594,EMEI VILA NOVA,4314902,EMEI VILA NOVA
43181376,EMEI PAULO FREIRE,4314902,EMEI PAULO FREIRE
43107710,EMEI JP PASSARINHO DOURADO,4314902,EMEI JP PASSARINHO DOURADO
43173683,EMEI JARDIM BENTO GONCALVES,4314902,EMEI JARDIM BENTO GONCALVES
43173454,EMEI NOVA GLEBA,4314902,EMEI NOVA GLEBA
43173675,EMEI DO JARDIM SALOMONI,4314902,EMEI DO JARDIM SALOMONI
43173586,EMEI DOM LUIZ DE NADAL,4314902,EMEI DOM LUIZ DE NADAL
43173705,EMEI BAIRRO CAVALHADA,4314902,EMEI BAIRRO CAVALHADA
43107702,EMEI JP MEU AMIGUINHO,4314902,EMEI JP MEU AMIGUINHO
43175147,EMEI HUMAITA,4314902,EMEI HUMAITA
43107672,EMEI JP CANTINHO AMIGO,4314902,EMEI JP CANTINHO AMIGO
43185401,EMEI MAMAE CORUJA,4314902,EMEI MAMAE CORUJA
43108369,EMEI JP PATINHO FEIO,4314902,EMEI JP PATINHO FEIO
43173527,EMEI DOS MUNICIPARIOS TIO BARNABE,4314902,EMEI DOS MUNICIPARIOS TIO BARNABE
43173691,EMEI ERICO VERISSIMO,4314902,EMEI ERICO VERISSIMO
43173543,EMEI DA VILA TRONCO,4314902,EMEI DA VILA TRONCO
43173551,EMEI DA VILA DA PASCOA,4314902,EMEI DA VILA DA PASCOA
43173489,EMEI JARDIM CAMAQUA,4314902,EMEI JARDIM CAMAQUA
43173632,EMEI VALE VERDE,4314902,EMEI VALE VERDE
43173608,EMEI MARIA MARQUES FERNANDES,4314902,EMEI MARIA MARQUES FERNANDES
43173659,EMEI MARIA HELENA CAVALHEIRO GUSMAO,4314902,EMEI MARIA HELENA CAVALHEIRO GUSMAO
43181112,EMEI OSMAR DOS SANTOS FREITAS,4314902,EMEI OSMAR DOS SANTOS FREITAS
43173519,EMEI PARQUE DOS MAIAS II,4314902,EMEI PARQUE DOS MAIAS II
43175155,EMEI DA VILA SANTA ROSA,4314902,EMEI DA VILA SANTA ROSA
43141790,EMEI SANTO EXPEDITO,4314902,EMEI SANTO EXPEDITO
43173497,EMEI DA VILA MAPA II,4314902,EMEI DA VILA MAPA II
43173624,EMEI DA VILA ELIZABETH,4314902,EMEI DA VILA ELIZABETH
43173667,EMEI DA VILA MAX GEISS,4314902,EMEI DA VILA MAX GEISS
43107699,EMEI JP GIRAFINHA,4314902,EMEI JP GIRAFINHA
43173535,EMEI DR WALTER SILBER,4314902,EMEI DR WALTER SILBER
43177050,EMEF PORTO ALEGRE,4314902,PORTO ALEGRE
43177000,CMET PAULO FREIRE,4314902,CMET PAULO FREIRE
43177018,EMEF MIGRANTES,4314902,MIGRANTES
43173721,EMEF WENCESLAU FONTOURA,4314902,WENCESLAU FONTOURA
43109195,EMEF PROF ANA IRIS DO AMARAL,4314902,PROF ANA IRIS DO AMARAL
43105521,EMEF PEPITA DE LEAO,4314902,PEPITA DE LEAO
43109209,EMEF LAURO RODRIGUES,4314902,LAURO RODRIGUES
43179010,EMEEF PROF LUIZ FRANCISCO LUCENA BORGES,4314902,EMEEF PROF LUIZ FRANCISCO LUCENA BORGES
43109071,EMEF PROF GILBERTO JORGE GONCALVES DA SILVA,4314902,PROF GILBERTO JORGE GONCALVES DA SILVA
43177034,EMEF MORRO DA CRUZ,4314902,MORRO DA CRUZ
43189253,EMEF TIMBAUVA,4314902,TIMBAUVA
43108563,EMEF PRES JOAO BELCHIOR MARQUES GOULART,4314902,PRES JOAO BELCHIOR MARQUES GOULART
43105467,EMEF ARAMY SILVA,4314902,ARAMY SILVA
43177042,EMEF NEUSA GOULART BRIZOLA,4314902,NEUSA GOULART BRIZOLA
43179029,EMEEF TRISTAO SUCUPIRA VIANNA,4314902,EMEEF TRISTAO SUCUPIRA VIANNA
43293069,EMEF MORADAS DA HIPICA,4314902,MORADAS DA HIPICA
43173713,EMEF CAMPOS DO CRISTAL,4314902,CAMPOS DO CRISTAL
43048200,EMEF PORTO NOVO,4314902,PORTO NOVO
43183018,EMEF MARIO QUINTANA,4314902,MARIO QUINTANA
43105475,EMEF DECIO MARTINS COSTA,4314902,DECIO MARTINS COSTA
43178995,EMEEF PROF LYGIA MORRONE AVERBUCK,4314902,EMEEF PROF LYGIA MORRONE AVERBUCK
43179002,EMEEF PROF ELYSEU PAGLIOLI,4314902,EMEEF PROF ELYSEU PAGLIOLI
43109225,EMEF DEP VICTOR ISSLER,4314902,DEP VICTOR ISSLER
43177581,EMEF CHICO MENDES,4314902,CHICO MENDES
43109055,EMEF PROF JUDITH MACEDO DE ARAUJO,4314902,PROF JUDITH MACEDO DE ARAUJO
43109128,EMEF DEP MARCIRIO GOULART LOUREIRO,4314902,DEP MARCIRIO GOULART LOUREIRO
43107842,EMEF SEN ALBERTO PASQUALINI,4314902,SEN ALBERTO PASQUALINI
43109217,EMEF JOAO ANTONIO SATTE,4314902,JOAO ANTONIO SATTE
43172490,EMEF PROF ANISIO TEIXEIRA,4314902,PROF ANISIO TEIXEIRA
43105440,EMEF AFONSO GUERREIRO LIMA,4314902,AFONSO GUERREIRO LIMA
43172482,EMEF VER ANTONIO GIUDICE,4314902,VER ANTONIO GIUDICE
43105548,EMEF HEITOR VILLA LOBOS,4314902,HEITOR VILLA LOBOS
43109233,EMEF GABRIEL OBINO,4314902,GABRIEL OBINO
43108571,EMEF GRANDE ORIENTE DO RGS,4314902,GRANDE ORIENTE DO RGS
43109101,EMEF VER MARTIM ARANHA,4314902,VER MARTIM ARANHA
43187560,EMEF CHAPEU DO SOL,4314902,CHAPEU DO SOL
43167535,EMEF SAO PEDRO,4314902,SAO PEDRO
43175120,EMEF VILA MONTE CRISTO,4314902,VILA MONTE CRISTO
43204643,EMEF NOSSA SENHORA DO CARMO,4314902,NOSSA SENHORA DO CARMO
43109080,EMEF VER CARLOS PESSOA DE BRUM,4314902,VER CARLOS PESSOA DE BRUM
43105491,EMEF JOSE LOUREIRO DA SILVA,4314902,JOSE LOUREIRO DA SILVA
43241000,EMEF DE SURDOS BILINGUE SALOMAO WATNICK,4314902,DE SURDOS BILINGUE SALOMAO WATNICK
43167179,EMEF SAINT HILAIRE,4314902,SAINT HILAIRE
43169490,EMEF JOSE MARIANO BECK,4314902,JOSE MARIANO BECK
43105483,EMEF DOLORES ALCARAZ CALDAS,4314902,DOLORES ALCARAZ CALDAS
43172474,EMEF JEAN PIAGET,4314902,JEAN PIAGET
43105513,EMEF NOSSA SENHORA DE FATIMA,4314902,NOSSA SENHORA DE FATIMA
43107508,EMEF GOV ILDO MENEGHETTI,4314902,GOV ILDO MENEGHETTI
43109063,EMEF LEOCADIA FELIZARDO PRESTES,4314902,LEOCADIA FELIZARDO PRESTES
43109144,EMEF LIDOVINO FANTON,4314902,LIDOVINO FANTON
43105530,EMEF PRESIDENTE VARGAS,4314902,PRESIDENTE VARGAS
43105246,EMEM EMILIO MEYER,4314902,EMEM EMILIO MEYER
43105505,EMEB DR LIBERATO SALZANO VIEIRA DA CUNHA,4314902,EMEB DR LIBERATO SALZANO VIEIRA DA CUNHA
