arquivo,md5_candidato,md5_promovido,hash_igual
base_fichas_escolas.csv,3c4dfc1808301f00d4fc8d3ffddc90bf,3c4dfc1808301f00d4fc8d3ffddc90bf,TRUE
base_fichas_escolas.rds,8e088b4d02ef27b585c767f9f035f5fc,8e088b4d02ef27b585c767f9f035f5fc,TRUE
dicionario_base_fichas_escolas.csv,05a5a8e16300cf0b81d23dde5f4cb2fc,05a5a8e16300cf0b81d23dde5f4cb2fc,TRUE
fichas_escolas_compiladas.html,2576168470b9dcf3ea2b824d60147115,2576168470b9dcf3ea2b824d60147115,TRUE
fichas_escolas_compiladas.pdf,90ca349b422a5b3b39cd46dfac590ba1,90ca349b422a5b3b39cd46dfac590ba1,TRUE
graficos/ESC_001_eef-pequena-casa-da-crianca_participacao.png,b1e1f45cc30bfb5acefdeb1d3a056f91,b1e1f45cc30bfb5acefdeb1d3a056f91,TRUE
graficos/ESC_001_eef-pequena-casa-da-crianca_proficiencia.png,892e1d88d94e580b34f5d70404a21e04,892e1d88d94e580b34f5d70404a21e04,TRUE
graficos/ESC_002_emeb-dr-liberato-salzano-vieira-da-cunha_dimensoes_operacionais.png,ad148290a5fda38c1db2974cecc0764e,ad148290a5fda38c1db2974cecc0764e,TRUE
graficos/ESC_002_emeb-dr-liberato-salzano-vieira-da-cunha_participacao.png,03b4136a6a321a301ddfb0280ab089e1,03b4136a6a321a301ddfb0280ab089e1,TRUE
graficos/ESC_002_emeb-dr-liberato-salzano-vieira-da-cunha_proficiencia.png,027bb34604f791b07c8ba2edd8e1f25f,027bb34604f791b07c8ba2edd8e1f25f,TRUE
graficos/ESC_003_emef-afonso-guerreiro-lima_dimensoes_operacionais.png,8450c380faf3e4c985ea2483c4b1d892,8450c380faf3e4c985ea2483c4b1d892,TRUE
graficos/ESC_003_emef-afonso-guerreiro-lima_participacao.png,a637c7c48011117e5ab80644de586c27,a637c7c48011117e5ab80644de586c27,TRUE
graficos/ESC_003_emef-afonso-guerreiro-lima_proficiencia.png,36944ddca6e42c4069e6287319e3b97b,36944ddca6e42c4069e6287319e3b97b,TRUE
graficos/ESC_004_emef-america_dimensoes_operacionais.png,0f3d58b1b47ebe56fcd6435f3b93e203,0f3d58b1b47ebe56fcd6435f3b93e203,TRUE
graficos/ESC_004_emef-america_participacao.png,c51dfd263bc7704dc316df023cdb7435,c51dfd263bc7704dc316df023cdb7435,TRUE
graficos/ESC_004_emef-america_proficiencia.png,436b6d177fb8d0f68199130dc951dbbb,436b6d177fb8d0f68199130dc951dbbb,TRUE
graficos/ESC_005_emef-aramy-silva_dimensoes_operacionais.png,4674baae022552b64ad73d6e85a8cb50,4674baae022552b64ad73d6e85a8cb50,TRUE
graficos/ESC_005_emef-aramy-silva_participacao.png,9a2b9556abfe7716d30c8d977892e9c1,9a2b9556abfe7716d30c8d977892e9c1,TRUE
graficos/ESC_005_emef-aramy-silva_proficiencia.png,c4ce89ba8747e614c2df372a8a9d1a06,c4ce89ba8747e614c2df372a8a9d1a06,TRUE
graficos/ESC_006_emef-campos-do-cristal_dimensoes_operacionais.png,76845350edd4af0f3c51f3fbcf1537ef,76845350edd4af0f3c51f3fbcf1537ef,TRUE
graficos/ESC_006_emef-campos-do-cristal_participacao.png,51b149efcdd109520935c309fef9ca63,51b149efcdd109520935c309fef9ca63,TRUE
graficos/ESC_006_emef-campos-do-cristal_proficiencia.png,cbb157bbcc1caff74c5c0948e34ee1ad,cbb157bbcc1caff74c5c0948e34ee1ad,TRUE
graficos/ESC_007_emef-chapeu-do-sol_dimensoes_operacionais.png,256b8c81021a3205e9e6e4c1e9ceb576,256b8c81021a3205e9e6e4c1e9ceb576,TRUE
graficos/ESC_007_emef-chapeu-do-sol_participacao.png,e6ed965527e160a71e50645e0c693aa8,e6ed965527e160a71e50645e0c693aa8,TRUE
graficos/ESC_007_emef-chapeu-do-sol_proficiencia.png,5607b9d3b1ee1936d7259186c789250a,5607b9d3b1ee1936d7259186c789250a,TRUE
graficos/ESC_008_emef-chico-mendes_dimensoes_operacionais.png,583ae1bad4a911feac51759f1e387200,583ae1bad4a911feac51759f1e387200,TRUE
graficos/ESC_008_emef-chico-mendes_participacao.png,4e7ca45c13ff949bce071ab93aa270bf,4e7ca45c13ff949bce071ab93aa270bf,TRUE
graficos/ESC_008_emef-chico-mendes_proficiencia.png,f7fbfc8bd8546ae2b04824219b6e803b,f7fbfc8bd8546ae2b04824219b6e803b,TRUE
graficos/ESC_009_emef-decio-martins-costa_dimensoes_operacionais.png,3094821028e3406573b55f42ae3543a7,3094821028e3406573b55f42ae3543a7,TRUE
graficos/ESC_009_emef-decio-martins-costa_participacao.png,f50708b2aea8278e8e01042ff20d6d4a,f50708b2aea8278e8e01042ff20d6d4a,TRUE
graficos/ESC_009_emef-decio-martins-costa_proficiencia.png,b61a35f9a19b097c46b50ef856810a1c,b61a35f9a19b097c46b50ef856810a1c,TRUE
graficos/ESC_010_emef-dep-marcirio-goulart-loureiro_dimensoes_operacionais.png,d5ff967aa28078ad0e778f4fedca0664,d5ff967aa28078ad0e778f4fedca0664,TRUE
graficos/ESC_010_emef-dep-marcirio-goulart-loureiro_participacao.png,955bcd7abf1cdabc9f02f02de702652a,955bcd7abf1cdabc9f02f02de702652a,TRUE
graficos/ESC_010_emef-dep-marcirio-goulart-loureiro_proficiencia.png,944cb4c7d994f7127e1359ed525c6c15,944cb4c7d994f7127e1359ed525c6c15,TRUE
graficos/ESC_011_emef-dep-victor-issler_dimensoes_operacionais.png,9166bad48b8d820baff5159ba0095e98,9166bad48b8d820baff5159ba0095e98,TRUE
graficos/ESC_011_emef-dep-victor-issler_participacao.png,a04d2e71ced3a1676901cf00205215a0,a04d2e71ced3a1676901cf00205215a0,TRUE
graficos/ESC_011_emef-dep-victor-issler_proficiencia.png,73fd625542bc3f1fb0fe64b0612d0c7e,73fd625542bc3f1fb0fe64b0612d0c7e,TRUE
graficos/ESC_012_emef-dolores-alcaraz-caldas_dimensoes_operacionais.png,54ab31cefc488933bcb962872dacd6d2,54ab31cefc488933bcb962872dacd6d2,TRUE
graficos/ESC_012_emef-dolores-alcaraz-caldas_participacao.png,d5754ab7ec4155f8d56a22a09d113cb8,d5754ab7ec4155f8d56a22a09d113cb8,TRUE
graficos/ESC_012_emef-dolores-alcaraz-caldas_proficiencia.png,40b01cb975ec530127469376d865341d,40b01cb975ec530127469376d865341d,TRUE
graficos/ESC_013_emef-espirito-santo_dimensoes_operacionais.png,4780b4969c95b32d2ac8335c07522eb5,4780b4969c95b32d2ac8335c07522eb5,TRUE
graficos/ESC_013_emef-espirito-santo_participacao.png,541aaf7692e6e22b3ca2dcb413dd26d2,541aaf7692e6e22b3ca2dcb413dd26d2,TRUE
graficos/ESC_013_emef-espirito-santo_proficiencia.png,188b66798ad4cf8bb1267d04397131d4,188b66798ad4cf8bb1267d04397131d4,TRUE
graficos/ESC_014_emef-evaristo-goncalves-netto_dimensoes_operacionais.png,d48c97a4ba06030e0b5ebefac8848c3c,d48c97a4ba06030e0b5ebefac8848c3c,TRUE
graficos/ESC_014_emef-evaristo-goncalves-netto_participacao.png,20e5b29851ba5f77e5969841c00bd2b3,20e5b29851ba5f77e5969841c00bd2b3,TRUE
graficos/ESC_014_emef-evaristo-goncalves-netto_proficiencia.png,ca5aef375ecdfe2efc9a04c1157192a5,ca5aef375ecdfe2efc9a04c1157192a5,TRUE
graficos/ESC_015_emef-gabriel-obino_dimensoes_operacionais.png,16cbb9f28f228a92bf68da67fe0fe745,16cbb9f28f228a92bf68da67fe0fe745,TRUE
graficos/ESC_015_emef-gabriel-obino_participacao.png,94da295c62660b2add15e77fb78875b2,94da295c62660b2add15e77fb78875b2,TRUE
graficos/ESC_015_emef-gabriel-obino_proficiencia.png,b426fb343e52ec31e38d647036a5503b,b426fb343e52ec31e38d647036a5503b,TRUE
graficos/ESC_016_emef-gov-ildo-meneghetti_dimensoes_operacionais.png,52f60bd12c89806f97022468ba0ba5aa,52f60bd12c89806f97022468ba0ba5aa,TRUE
graficos/ESC_016_emef-gov-ildo-meneghetti_participacao.png,4c87379c80212021a03eb29d2a07e693,4c87379c80212021a03eb29d2a07e693,TRUE
graficos/ESC_016_emef-gov-ildo-meneghetti_proficiencia.png,53a2ac999e7c2ccf1b061d4f7c4275ab,53a2ac999e7c2ccf1b061d4f7c4275ab,TRUE
graficos/ESC_017_emef-grande-oriente-do-rgs_dimensoes_operacionais.png,2c9ba4edd9ed426b2e2798262aa7b654,2c9ba4edd9ed426b2e2798262aa7b654,TRUE
graficos/ESC_017_emef-grande-oriente-do-rgs_participacao.png,4b1e282ef32c81931ef1548715f6a9ac,4b1e282ef32c81931ef1548715f6a9ac,TRUE
graficos/ESC_017_emef-grande-oriente-do-rgs_proficiencia.png,3eb41edba9b989a3c296675826f3ad54,3eb41edba9b989a3c296675826f3ad54,TRUE
graficos/ESC_018_emef-heitor-villa-lobos_dimensoes_operacionais.png,b4aa7a5051af836b6d625e46653377e9,b4aa7a5051af836b6d625e46653377e9,TRUE
graficos/ESC_018_emef-heitor-villa-lobos_participacao.png,917268da9962dd1e6a6d5931cad5f840,917268da9962dd1e6a6d5931cad5f840,TRUE
graficos/ESC_018_emef-heitor-villa-lobos_proficiencia.png,2b8dfaafbed6746e3f5f0b34d8d3c5fb,2b8dfaafbed6746e3f5f0b34d8d3c5fb,TRUE
graficos/ESC_019_emef-jean-piaget_dimensoes_operacionais.png,eb7bd6bfab97fc2615179e3b7ed7279b,eb7bd6bfab97fc2615179e3b7ed7279b,TRUE
graficos/ESC_019_emef-jean-piaget_participacao.png,8787e7757536a69ea471a69fa4d5e575,8787e7757536a69ea471a69fa4d5e575,TRUE
graficos/ESC_019_emef-jean-piaget_proficiencia.png,30c6dfcf20674a0fc588b5f05d3f1611,30c6dfcf20674a0fc588b5f05d3f1611,TRUE
graficos/ESC_020_emef-joao-antonio-satte_dimensoes_operacionais.png,cb63911a298d6ab03ddb90ffaa53c1a9,cb63911a298d6ab03ddb90ffaa53c1a9,TRUE
graficos/ESC_020_emef-joao-antonio-satte_participacao.png,d0040033713330215de699272a5f29c5,d0040033713330215de699272a5f29c5,TRUE
graficos/ESC_020_emef-joao-antonio-satte_proficiencia.png,e58789cea508992a26c0227311a3736b,e58789cea508992a26c0227311a3736b,TRUE
graficos/ESC_021_emef-joao-carlos-davila-paixao-cortes-lacador_dimensoes_operacionais.png,47d2ec6f1761bb31510f5c450430c86b,47d2ec6f1761bb31510f5c450430c86b,TRUE
graficos/ESC_021_emef-joao-carlos-davila-paixao-cortes-lacador_participacao.png,bb698bb84abde07775c497ed1124ae7b,bb698bb84abde07775c497ed1124ae7b,TRUE
graficos/ESC_021_emef-joao-carlos-davila-paixao-cortes-lacador_proficiencia.png,4f839495a27af320a14e8e5876a0d77a,4f839495a27af320a14e8e5876a0d77a,TRUE
graficos/ESC_022_emef-jose-loureiro-da-silva_dimensoes_operacionais.png,271116099a444d0d44693beb7d738d58,271116099a444d0d44693beb7d738d58,TRUE
graficos/ESC_022_emef-jose-loureiro-da-silva_participacao.png,67f8f1683bac2016c2fd2dd2a222a538,67f8f1683bac2016c2fd2dd2a222a538,TRUE
graficos/ESC_022_emef-jose-loureiro-da-silva_proficiencia.png,c449b36587352e61cad35152c6d09354,c449b36587352e61cad35152c6d09354,TRUE
graficos/ESC_023_emef-jose-mariano-beck_dimensoes_operacionais.png,f2a02c8f57c56527da546df07b7c25c5,f2a02c8f57c56527da546df07b7c25c5,TRUE
graficos/ESC_023_emef-jose-mariano-beck_participacao.png,133372fabf37fc1ea27ed28c109043bc,133372fabf37fc1ea27ed28c109043bc,TRUE
graficos/ESC_023_emef-jose-mariano-beck_proficiencia.png,1c2be9419b85f46e6c050bb2e4558af0,1c2be9419b85f46e6c050bb2e4558af0,TRUE
graficos/ESC_024_emef-lauro-rodrigues_dimensoes_operacionais.png,9092d92192bab2b9156e687074b9175d,9092d92192bab2b9156e687074b9175d,TRUE
graficos/ESC_024_emef-lauro-rodrigues_participacao.png,10c41b56dd9642a6b532e9e544a62b52,10c41b56dd9642a6b532e9e544a62b52,TRUE
graficos/ESC_024_emef-lauro-rodrigues_proficiencia.png,7f6e2a3209edba44efcdd678217a6299,7f6e2a3209edba44efcdd678217a6299,TRUE
graficos/ESC_025_emef-leocadia-felizardo-prestes_dimensoes_operacionais.png,cb453a6983690a27c8617a024d97eed2,cb453a6983690a27c8617a024d97eed2,TRUE
graficos/ESC_025_emef-leocadia-felizardo-prestes_participacao.png,379fef6ccbb07e90ef9064df633dd25f,379fef6ccbb07e90ef9064df633dd25f,TRUE
graficos/ESC_025_emef-leocadia-felizardo-prestes_proficiencia.png,2e2bd828a6b82dfcf8c4a79a24b826b1,2e2bd828a6b82dfcf8c4a79a24b826b1,TRUE
graficos/ESC_026_emef-lidovino-fanton_dimensoes_operacionais.png,2011a8cf50095fd1f50e0739bb334394,2011a8cf50095fd1f50e0739bb334394,TRUE
graficos/ESC_026_emef-lidovino-fanton_participacao.png,b3960dd3118bbb24a35ca0315130fb38,b3960dd3118bbb24a35ca0315130fb38,TRUE
graficos/ESC_026_emef-lidovino-fanton_proficiencia.png,ac35abe1f834b828cc42b289a8421e40,ac35abe1f834b828cc42b289a8421e40,TRUE
graficos/ESC_027_emef-mario-quintana_dimensoes_operacionais.png,0d2cf518643dd4f6b143dda1dc27451b,0d2cf518643dd4f6b143dda1dc27451b,TRUE
graficos/ESC_027_emef-mario-quintana_participacao.png,fbcf9782461c1fcac0cb476c43f29367,fbcf9782461c1fcac0cb476c43f29367,TRUE
graficos/ESC_027_emef-mario-quintana_proficiencia.png,6d07c60280021ade4fe1ac0de1e92f96,6d07c60280021ade4fe1ac0de1e92f96,TRUE
graficos/ESC_028_emef-migrantes_dimensoes_operacionais.png,64fb1a84f281765f0b71ca13b89397bf,64fb1a84f281765f0b71ca13b89397bf,TRUE
graficos/ESC_028_emef-migrantes_participacao.png,dfb298e19c71a9de308caeef57580103,dfb298e19c71a9de308caeef57580103,TRUE
graficos/ESC_028_emef-migrantes_proficiencia.png,c3e6eeb14f818e13dde782f26cac16ce,c3e6eeb14f818e13dde782f26cac16ce,TRUE
graficos/ESC_029_emef-moradas-da-hipica_dimensoes_operacionais.png,9c92783bd1231d37b531f8b6e12e8d50,9c92783bd1231d37b531f8b6e12e8d50,TRUE
graficos/ESC_029_emef-moradas-da-hipica_participacao.png,72e70545995019f03d9cb62fdb67da8e,72e70545995019f03d9cb62fdb67da8e,TRUE
graficos/ESC_029_emef-moradas-da-hipica_proficiencia.png,208b09a45ca446131c9fb43d006949b9,208b09a45ca446131c9fb43d006949b9,TRUE
graficos/ESC_030_emef-morro-da-cruz_dimensoes_operacionais.png,3c75940176749b98b089527da3cc5673,3c75940176749b98b089527da3cc5673,TRUE
graficos/ESC_030_emef-morro-da-cruz_participacao.png,3bbeb2c423cceee4953259af50f18005,3bbeb2c423cceee4953259af50f18005,TRUE
graficos/ESC_030_emef-morro-da-cruz_proficiencia.png,3ee598aed637190dd5f7eed4518b1b64,3ee598aed637190dd5f7eed4518b1b64,TRUE
graficos/ESC_031_emef-neusa-goulart-brizola_dimensoes_operacionais.png,68458007300e237b51ce376a734ba275,68458007300e237b51ce376a734ba275,TRUE
graficos/ESC_031_emef-neusa-goulart-brizola_participacao.png,7234e9045739afd9c5962137a3cb8337,7234e9045739afd9c5962137a3cb8337,TRUE
graficos/ESC_031_emef-neusa-goulart-brizola_proficiencia.png,e19a5e83975ed2834fbaee71a394d0db,e19a5e83975ed2834fbaee71a394d0db,TRUE
graficos/ESC_032_emef-nossa-senhora-de-fatima_dimensoes_operacionais.png,f8e76f7c41a32068fccd5f1751ab4e00,f8e76f7c41a32068fccd5f1751ab4e00,TRUE
graficos/ESC_032_emef-nossa-senhora-de-fatima_participacao.png,42ce73fb017548fa6824fa5756fa8558,42ce73fb017548fa6824fa5756fa8558,TRUE
graficos/ESC_032_emef-nossa-senhora-de-fatima_proficiencia.png,37c22504fd929d6ba20c53f53b7d70d6,37c22504fd929d6ba20c53f53b7d70d6,TRUE
graficos/ESC_033_emef-nossa-senhora-do-carmo_dimensoes_operacionais.png,2e0d51069cf4b70aa474bf6098d39c11,2e0d51069cf4b70aa474bf6098d39c11,TRUE
graficos/ESC_033_emef-nossa-senhora-do-carmo_participacao.png,f604ec5238536d00d5e93edb3fe28d87,f604ec5238536d00d5e93edb3fe28d87,TRUE
graficos/ESC_033_emef-nossa-senhora-do-carmo_proficiencia.png,3aa43d4fffcbcd499a79e983c63d7ade,3aa43d4fffcbcd499a79e983c63d7ade,TRUE
graficos/ESC_034_emef-pepita-de-leao_dimensoes_operacionais.png,c57aae1b4da4a9e2f891c14aea7eaea5,c57aae1b4da4a9e2f891c14aea7eaea5,TRUE
graficos/ESC_034_emef-pepita-de-leao_participacao.png,97bd2c04a0a5f946cef4ab172b12a398,97bd2c04a0a5f946cef4ab172b12a398,TRUE
graficos/ESC_034_emef-pepita-de-leao_proficiencia.png,3334be1fa82d01c8a8eaf24c29d395cf,3334be1fa82d01c8a8eaf24c29d395cf,TRUE
graficos/ESC_035_emef-porto-novo_dimensoes_operacionais.png,b13166cfd9e49f81230c9b5234bb64d6,b13166cfd9e49f81230c9b5234bb64d6,TRUE
graficos/ESC_035_emef-porto-novo_participacao.png,0a4e5c261d7a6afec35d86c987080e1a,0a4e5c261d7a6afec35d86c987080e1a,TRUE
graficos/ESC_035_emef-porto-novo_proficiencia.png,648a3a60f33117bf84a3bf4606020127,648a3a60f33117bf84a3bf4606020127,TRUE
graficos/ESC_036_emef-pres-joao-belchior-marques-goulart_dimensoes_operacionais.png,bb5518cf206a2218e03d85fe7a8d8907,bb5518cf206a2218e03d85fe7a8d8907,TRUE
graficos/ESC_036_emef-pres-joao-belchior-marques-goulart_participacao.png,a6b73c093ac30552e95359747a0d7bfa,a6b73c093ac30552e95359747a0d7bfa,TRUE
graficos/ESC_036_emef-pres-joao-belchior-marques-goulart_proficiencia.png,66f1de3c8dfbf116019e011129a9d0f4,66f1de3c8dfbf116019e011129a9d0f4,TRUE
graficos/ESC_037_emef-presidente-vargas_dimensoes_operacionais.png,22dbbf644d080907e51592a17a92983b,22dbbf644d080907e51592a17a92983b,TRUE
graficos/ESC_037_emef-presidente-vargas_participacao.png,a266a1272021b38719af910092d0b4eb,a266a1272021b38719af910092d0b4eb,TRUE
graficos/ESC_037_emef-presidente-vargas_proficiencia.png,94c3b26a0bdc86eeb05e219c53c7dc9e,94c3b26a0bdc86eeb05e219c53c7dc9e,TRUE
graficos/ESC_038_emef-prof-ana-iris-do-amaral_dimensoes_operacionais.png,3952bca5eb12736a13be1cb543492001,3952bca5eb12736a13be1cb543492001,TRUE
graficos/ESC_038_emef-prof-ana-iris-do-amaral_participacao.png,b6b75c86aab4e05bde1344216cde981b,b6b75c86aab4e05bde1344216cde981b,TRUE
graficos/ESC_038_emef-prof-ana-iris-do-amaral_proficiencia.png,76f1c781d9df6dbe2da815f62cc72c01,76f1c781d9df6dbe2da815f62cc72c01,TRUE
graficos/ESC_039_emef-prof-anisio-teixeira_dimensoes_operacionais.png,f3e18eaea5e83c0dd21bedab0d45f025,f3e18eaea5e83c0dd21bedab0d45f025,TRUE
graficos/ESC_039_emef-prof-anisio-teixeira_participacao.png,ad8c1220917181a14e6d56a8223980da,ad8c1220917181a14e6d56a8223980da,TRUE
graficos/ESC_039_emef-prof-anisio-teixeira_proficiencia.png,6180a31f362cd4544d0da4d0b5643b5e,6180a31f362cd4544d0da4d0b5643b5e,TRUE
graficos/ESC_040_emef-prof-gilberto-jorge-goncalves-da-silva_dimensoes_operacionais.png,c19b91ea0a106efc063ee563492b308b,c19b91ea0a106efc063ee563492b308b,TRUE
graficos/ESC_040_emef-prof-gilberto-jorge-goncalves-da-silva_participacao.png,59059a49b6b0d0e079f004c23b05f2e0,59059a49b6b0d0e079f004c23b05f2e0,TRUE
graficos/ESC_040_emef-prof-gilberto-jorge-goncalves-da-silva_proficiencia.png,daf0a74f5a369a68d853afcc8500f0c1,daf0a74f5a369a68d853afcc8500f0c1,TRUE
graficos/ESC_041_emef-prof-judith-macedo-de-araujo_dimensoes_operacionais.png,2cfce4a04279e3e0c706f7c6691a1eec,2cfce4a04279e3e0c706f7c6691a1eec,TRUE
graficos/ESC_041_emef-prof-judith-macedo-de-araujo_participacao.png,280d2cb3b0f1fc16e1b2adeb797151c9,280d2cb3b0f1fc16e1b2adeb797151c9,TRUE
graficos/ESC_041_emef-prof-judith-macedo-de-araujo_proficiencia.png,a990fa41417d8832df5f7d65df1bde97,a990fa41417d8832df5f7d65df1bde97,TRUE
graficos/ESC_042_emef-prof-larry-jose-ribeiro-alves_dimensoes_operacionais.png,38f22e7f11aec9d85733bab34740b1dd,38f22e7f11aec9d85733bab34740b1dd,TRUE
graficos/ESC_042_emef-prof-larry-jose-ribeiro-alves_participacao.png,e21626684b409ba7e8c49830d84d716e,e21626684b409ba7e8c49830d84d716e,TRUE
graficos/ESC_042_emef-prof-larry-jose-ribeiro-alves_proficiencia.png,0a177d46164c6aa38c00158578ba5076,0a177d46164c6aa38c00158578ba5076,TRUE
graficos/ESC_043_emef-rincao_dimensoes_operacionais.png,10b5bc71f256fe5586ed313ec5d9ebbc,10b5bc71f256fe5586ed313ec5d9ebbc,TRUE
graficos/ESC_043_emef-rincao_participacao.png,f1a976053dc6f8869e81f634b7a83b2a,f1a976053dc6f8869e81f634b7a83b2a,TRUE
graficos/ESC_043_emef-rincao_proficiencia.png,4e61f83c07a5939e948ccea676ca377f,4e61f83c07a5939e948ccea676ca377f,TRUE
graficos/ESC_044_emef-saint-hilaire_dimensoes_operacionais.png,2f316d9db7edc49fb35530147903c504,2f316d9db7edc49fb35530147903c504,TRUE
graficos/ESC_044_emef-saint-hilaire_participacao.png,76ecf564414ef4f94b00bf3d2e73f00b,76ecf564414ef4f94b00bf3d2e73f00b,TRUE
graficos/ESC_044_emef-saint-hilaire_proficiencia.png,0483063ebb509bdf8cdbcdfe1e7f6a52,0483063ebb509bdf8cdbcdfe1e7f6a52,TRUE
graficos/ESC_045_emef-sao-pedro_dimensoes_operacionais.png,dd0ce4d062bda59fccddd70d22764972,dd0ce4d062bda59fccddd70d22764972,TRUE
graficos/ESC_045_emef-sao-pedro_participacao.png,b72d87db57f993684c6c918a4c4e4e80,b72d87db57f993684c6c918a4c4e4e80,TRUE
graficos/ESC_045_emef-sao-pedro_proficiencia.png,3b20b8c5604556b036147b25d7351642,3b20b8c5604556b036147b25d7351642,TRUE
graficos/ESC_046_emef-sen-alberto-pasqualini_dimensoes_operacionais.png,a63c95f754e004413a7c757bf4ee4d88,a63c95f754e004413a7c757bf4ee4d88,TRUE
graficos/ESC_046_emef-sen-alberto-pasqualini_participacao.png,137adbc5ef8d158ae9eb68b1698a9b5c,137adbc5ef8d158ae9eb68b1698a9b5c,TRUE
graficos/ESC_046_emef-sen-alberto-pasqualini_proficiencia.png,e3215426bdb73f6ac0438d03760b6732,e3215426bdb73f6ac0438d03760b6732,TRUE
graficos/ESC_047_emef-timbauva_dimensoes_operacionais.png,51de746667415d517e1a538e2a9bf803,51de746667415d517e1a538e2a9bf803,TRUE
graficos/ESC_047_emef-timbauva_participacao.png,a4ac3976d8aa633716768d8cddd1b907,a4ac3976d8aa633716768d8cddd1b907,TRUE
graficos/ESC_047_emef-timbauva_proficiencia.png,99a0d57c7bceb6b714493eafe4415f14,99a0d57c7bceb6b714493eafe4415f14,TRUE
graficos/ESC_048_emef-ver-antonio-giudice_dimensoes_operacionais.png,1e9f3b341c251fd954bebfdf08fc48ce,1e9f3b341c251fd954bebfdf08fc48ce,TRUE
graficos/ESC_048_emef-ver-antonio-giudice_participacao.png,0fab16fd3bfb8ae8ed0e982a445eba5c,0fab16fd3bfb8ae8ed0e982a445eba5c,TRUE
graficos/ESC_048_emef-ver-antonio-giudice_proficiencia.png,b9b3f52a68c618313d5c23991f79b9bd,b9b3f52a68c618313d5c23991f79b9bd,TRUE
graficos/ESC_049_emef-ver-carlos-pessoa-de-brum_dimensoes_operacionais.png,effcf96a60942b5341506c7e0ccec1a0,effcf96a60942b5341506c7e0ccec1a0,TRUE
graficos/ESC_049_emef-ver-carlos-pessoa-de-brum_participacao.png,c0d6606f4675ab565ac999a91d25cc1f,c0d6606f4675ab565ac999a91d25cc1f,TRUE
graficos/ESC_049_emef-ver-carlos-pessoa-de-brum_proficiencia.png,e0855d7ec4f1c6de0c93a254482c0968,e0855d7ec4f1c6de0c93a254482c0968,TRUE
graficos/ESC_050_emef-ver-martim-aranha_dimensoes_operacionais.png,770555b88ad2409a33ba3f83ae7690af,770555b88ad2409a33ba3f83ae7690af,TRUE
graficos/ESC_050_emef-ver-martim-aranha_participacao.png,db0857aa9c03917f4983b1c1b1408a34,db0857aa9c03917f4983b1c1b1408a34,TRUE
graficos/ESC_050_emef-ver-martim-aranha_proficiencia.png,4b3d12fb29db2e40815d4d2a26bf778c,4b3d12fb29db2e40815d4d2a26bf778c,TRUE
graficos/ESC_051_emef-vila-monte-cristo_dimensoes_operacionais.png,9fffb57c09a3971f548d30660b1bc31e,9fffb57c09a3971f548d30660b1bc31e,TRUE
graficos/ESC_051_emef-vila-monte-cristo_participacao.png,7647960d63a5bef8c528a14b4a5bd19a,7647960d63a5bef8c528a14b4a5bd19a,TRUE
graficos/ESC_051_emef-vila-monte-cristo_proficiencia.png,74b296f9d48a7e07458b15ab650cec14,74b296f9d48a7e07458b15ab650cec14,TRUE
graficos/ESC_052_emef-wenceslau-fontoura_dimensoes_operacionais.png,5d25a26d5abea65d8cde26b32a5700dc,5d25a26d5abea65d8cde26b32a5700dc,TRUE
graficos/ESC_052_emef-wenceslau-fontoura_participacao.png,2e1316e5f53518ddb85341bd2c5323a4,2e1316e5f53518ddb85341bd2c5323a4,TRUE
graficos/ESC_052_emef-wenceslau-fontoura_proficiencia.png,f21948d245ed49bd1642cabe090e9e13,f21948d245ed49bd1642cabe090e9e13,TRUE
graficos/ESC_053_emem-emilio-meyer_dimensoes_operacionais.png,0ae957795c920e2b286194872405a079,0ae957795c920e2b286194872405a079,TRUE
graficos/ESC_053_emem-emilio-meyer_participacao.png,35696963a61e8f1e987a6a5dbd1048df,35696963a61e8f1e987a6a5dbd1048df,TRUE
graficos/ESC_053_emem-emilio-meyer_proficiencia.png,6ac39bdc5971137c4514348be5cccf4d,6ac39bdc5971137c4514348be5cccf4d,TRUE
graficos/ESC_054_esc-est-ens-fun-professora-leopolda-barnewitz_dimensoes_operacionais.png,f9e9c438a1913826a3e3e11607a0c991,f9e9c438a1913826a3e3e11607a0c991,TRUE
graficos/ESC_054_esc-est-ens-fun-professora-leopolda-barnewitz_participacao.png,c63814485314c721b37f3f4391a04cba,c63814485314c721b37f3f4391a04cba,TRUE
graficos/ESC_054_esc-est-ens-fun-professora-leopolda-barnewitz_proficiencia.png,0dc8aafca6f28df20541e228a87d8bc3,0dc8aafca6f28df20541e228a87d8bc3,TRUE
graficos/ESC_055_escola-de-ensino-fundamental-madre-raffo_participacao.png,65beba0d98d9bf2f46f92ffabacc8b8e,65beba0d98d9bf2f46f92ffabacc8b8e,TRUE
graficos/ESC_055_escola-de-ensino-fundamental-madre-raffo_proficiencia.png,581ec6c857fa42c6aef0f2cf2aceaa36,581ec6c857fa42c6aef0f2cf2aceaa36,TRUE
graficos/ESC_056_eef-aldeia-lumiar_participacao.png,f828b25319392787c228da8ad325ffde,f828b25319392787c228da8ad325ffde,TRUE
graficos/ESC_056_eef-aldeia-lumiar_proficiencia.png,c10679c0987850086dbd9ca8e0c396bc,c10679c0987850086dbd9ca8e0c396bc,TRUE
html/ESC_001_eef-pequena-casa-da-crianca.html,e06bd5c72e0e9098011009b41039fcc3,e06bd5c72e0e9098011009b41039fcc3,TRUE
html/ESC_002_emeb-dr-liberato-salzano-vieira-da-cunha.html,38fd7d2643cb693cefa8c075540bf45e,38fd7d2643cb693cefa8c075540bf45e,TRUE
html/ESC_003_emef-afonso-guerreiro-lima.html,96a74b6a80ebed3df8e343f68a139c70,96a74b6a80ebed3df8e343f68a139c70,TRUE
html/ESC_004_emef-america.html,f0946f764860cd28a215a717aea652d8,f0946f764860cd28a215a717aea652d8,TRUE
html/ESC_005_emef-aramy-silva.html,9135b9d6ef79bfc6deefec40ca953976,9135b9d6ef79bfc6deefec40ca953976,TRUE
html/ESC_006_emef-campos-do-cristal.html,d4ea6ed8afa6a0cd9f2bdaf0f7e41b2c,d4ea6ed8afa6a0cd9f2bdaf0f7e41b2c,TRUE
html/ESC_007_emef-chapeu-do-sol.html,09bc28a1cabd08235ce27e4c657f79eb,09bc28a1cabd08235ce27e4c657f79eb,TRUE
html/ESC_008_emef-chico-mendes.html,b31ebd2618d83244e8993e3b4b20300b,b31ebd2618d83244e8993e3b4b20300b,TRUE
html/ESC_009_emef-decio-martins-costa.html,dcc35b14a557a73b36866f556b899e12,dcc35b14a557a73b36866f556b899e12,TRUE
html/ESC_010_emef-dep-marcirio-goulart-loureiro.html,343978f153da85a76ee5f2ec1fdce47a,343978f153da85a76ee5f2ec1fdce47a,TRUE
html/ESC_011_emef-dep-victor-issler.html,3c324a599f9cd729658969ca9525c5f8,3c324a599f9cd729658969ca9525c5f8,TRUE
html/ESC_012_emef-dolores-alcaraz-caldas.html,0acfdb3255e38856cf2bd2589c43f1e7,0acfdb3255e38856cf2bd2589c43f1e7,TRUE
html/ESC_013_emef-espirito-santo.html,6b983e1c4f9f2a9940b7f898aba08799,6b983e1c4f9f2a9940b7f898aba08799,TRUE
html/ESC_014_emef-evaristo-goncalves-netto.html,e23edd13d183c01cf35dbf049778e173,e23edd13d183c01cf35dbf049778e173,TRUE
html/ESC_015_emef-gabriel-obino.html,06df1642dd53472eb6b2cfbd45672421,06df1642dd53472eb6b2cfbd45672421,TRUE
html/ESC_016_emef-gov-ildo-meneghetti.html,811c55fc4f4d0124726c030337ba1ac1,811c55fc4f4d0124726c030337ba1ac1,TRUE
html/ESC_017_emef-grande-oriente-do-rgs.html,feba345f83d27f7d516e405d63f40d64,feba345f83d27f7d516e405d63f40d64,TRUE
html/ESC_018_emef-heitor-villa-lobos.html,02cd87eb97e305235d02b971c8426d8f,02cd87eb97e305235d02b971c8426d8f,TRUE
html/ESC_019_emef-jean-piaget.html,6d99dc41c0fbaa81ec84f5caa8add009,6d99dc41c0fbaa81ec84f5caa8add009,TRUE
html/ESC_020_emef-joao-antonio-satte.html,d8bf5ad69e5d68b5496a992feb9b125c,d8bf5ad69e5d68b5496a992feb9b125c,TRUE
html/ESC_021_emef-joao-carlos-davila-paixao-cortes-lacador.html,2bdb615fa54764574ad4bbdeb574e7b1,2bdb615fa54764574ad4bbdeb574e7b1,TRUE
html/ESC_022_emef-jose-loureiro-da-silva.html,7e7e20baba0c6d68068569070e6c3195,7e7e20baba0c6d68068569070e6c3195,TRUE
html/ESC_023_emef-jose-mariano-beck.html,9ecd0a08a82b7d8ad29d389a57651ae6,9ecd0a08a82b7d8ad29d389a57651ae6,TRUE
html/ESC_024_emef-lauro-rodrigues.html,998218789615fc8f6fc514916aeecf18,998218789615fc8f6fc514916aeecf18,TRUE
html/ESC_025_emef-leocadia-felizardo-prestes.html,ef5f4afc6d73e74c39f1680822f418a7,ef5f4afc6d73e74c39f1680822f418a7,TRUE
html/ESC_026_emef-lidovino-fanton.html,4b8d9f5ebc71b1c6b57a0b2b32f0dac9,4b8d9f5ebc71b1c6b57a0b2b32f0dac9,TRUE
html/ESC_027_emef-mario-quintana.html,8bd26fa2981fa3002399162a11997bbf,8bd26fa2981fa3002399162a11997bbf,TRUE
html/ESC_028_emef-migrantes.html,fe8420650d24ad7c870912cb0f6aec22,fe8420650d24ad7c870912cb0f6aec22,TRUE
html/ESC_029_emef-moradas-da-hipica.html,d2b81ec845912baccc66ea43557f88a2,d2b81ec845912baccc66ea43557f88a2,TRUE
html/ESC_030_emef-morro-da-cruz.html,a5ff8dc87fdfee409f09de26074b8688,a5ff8dc87fdfee409f09de26074b8688,TRUE
html/ESC_031_emef-neusa-goulart-brizola.html,192b45ee8eef89f38c5570177349a4fa,192b45ee8eef89f38c5570177349a4fa,TRUE
html/ESC_032_emef-nossa-senhora-de-fatima.html,ab716dd6e6826934f56a95818e6eccf4,ab716dd6e6826934f56a95818e6eccf4,TRUE
html/ESC_033_emef-nossa-senhora-do-carmo.html,6bb46e0405e99dd46831fea49a4f3ffe,6bb46e0405e99dd46831fea49a4f3ffe,TRUE
html/ESC_034_emef-pepita-de-leao.html,2dce5fa0891ce5f4b7e38afac825814f,2dce5fa0891ce5f4b7e38afac825814f,TRUE
html/ESC_035_emef-porto-novo.html,2c3b232a0c29b5b92c188014f54f9f92,2c3b232a0c29b5b92c188014f54f9f92,TRUE
html/ESC_036_emef-pres-joao-belchior-marques-goulart.html,19a998376ece7596dd2eb8a8e85ca9c2,19a998376ece7596dd2eb8a8e85ca9c2,TRUE
html/ESC_037_emef-presidente-vargas.html,ce1ba00de34432b17c76d48ddadd2d4d,ce1ba00de34432b17c76d48ddadd2d4d,TRUE
html/ESC_038_emef-prof-ana-iris-do-amaral.html,addf6762a6218b100654a249d5f0e04d,addf6762a6218b100654a249d5f0e04d,TRUE
html/ESC_039_emef-prof-anisio-teixeira.html,0dfdb957c51e40d6284eeaaeae6c988c,0dfdb957c51e40d6284eeaaeae6c988c,TRUE
html/ESC_040_emef-prof-gilberto-jorge-goncalves-da-silva.html,ef1852eae5289bccc524ad7e67ef6da7,ef1852eae5289bccc524ad7e67ef6da7,TRUE
html/ESC_041_emef-prof-judith-macedo-de-araujo.html,a2ad9674f7099876812cc4aef8b0defd,a2ad9674f7099876812cc4aef8b0defd,TRUE
html/ESC_042_emef-prof-larry-jose-ribeiro-alves.html,74e8db12b4e660bc3cc61733fe2e5112,74e8db12b4e660bc3cc61733fe2e5112,TRUE
html/ESC_043_emef-rincao.html,a6632afca00463ec3556b9bc8994e281,a6632afca00463ec3556b9bc8994e281,TRUE
html/ESC_044_emef-saint-hilaire.html,0ff82dadbe8a819187667706ee004c46,0ff82dadbe8a819187667706ee004c46,TRUE
html/ESC_045_emef-sao-pedro.html,7315abb03aed303c1ac90fa9fb4c3846,7315abb03aed303c1ac90fa9fb4c3846,TRUE
html/ESC_046_emef-sen-alberto-pasqualini.html,c913d5d30f620b2dc03e05b14a40af72,c913d5d30f620b2dc03e05b14a40af72,TRUE
html/ESC_047_emef-timbauva.html,6d6b3b5c28394cbf40b76cec2d8f2038,6d6b3b5c28394cbf40b76cec2d8f2038,TRUE
html/ESC_048_emef-ver-antonio-giudice.html,34eb49d70f68f8488c7bcda50a77af16,34eb49d70f68f8488c7bcda50a77af16,TRUE
html/ESC_049_emef-ver-carlos-pessoa-de-brum.html,f29e16631706b956ea1f5e36de85dbdb,f29e16631706b956ea1f5e36de85dbdb,TRUE
html/ESC_050_emef-ver-martim-aranha.html,af120c75e2f183ac0a905e3721d6f9a8,af120c75e2f183ac0a905e3721d6f9a8,TRUE
html/ESC_051_emef-vila-monte-cristo.html,471a54deb2ae28b95886571425185ede,471a54deb2ae28b95886571425185ede,TRUE
html/ESC_052_emef-wenceslau-fontoura.html,788bdab09a0eed5183b0819422969cf6,788bdab09a0eed5183b0819422969cf6,TRUE
html/ESC_053_emem-emilio-meyer.html,f9d8a850556f74da23fd602d3e8496f8,f9d8a850556f74da23fd602d3e8496f8,TRUE
html/ESC_054_esc-est-ens-fun-professora-leopolda-barnewitz.html,08c7480ad05bbd3eb98a424adb2f4893,08c7480ad05bbd3eb98a424adb2f4893,TRUE
html/ESC_055_escola-de-ensino-fundamental-madre-raffo.html,aefc5ec047a83d2081e8721e5befe321,aefc5ec047a83d2081e8721e5befe321,TRUE
html/ESC_056_eef-aldeia-lumiar.html,edf89d61643ef9940a61cc8aea7297b3,edf89d61643ef9940a61cc8aea7297b3,TRUE
indice_fichas_escolas.csv,4123a146f31a23d6a6077806d8aa04d2,4123a146f31a23d6a6077806d8aa04d2,TRUE
indice_fichas_escolas.rds,5a14e9f191d7c1505e3389931052607d,5a14e9f191d7c1505e3389931052607d,TRUE
