Avaliação;Rede;Ano Escolar;Componente Curricular;Estado;Regional;Município;Escola;Código da Turma;Turma;Previstos;Avaliados;Avaliados (%);Proficiência Média;Defasagem;Aprendizado intermediário;Aprendizado adequado;H 01 (%);H 02 (%);H 03 (%);H 04 (%);H 05 (%);H 06 (%);H 07 (%);H 08 (%);H 09 (%)
PROVA PORTO ALEGRE - AVALIAÇÃO FORMATIVA;MUNICIPAL;ENSINO FUNDAMENTAL DE 9 ANOS - 2º ANO;LP;RIO GRANDE DO SUL;PORTO ALEGRE;PORTO ALEGRE;EMEF PORTO NOVO; 21192411500000003;21;23;20;87;87;0%;25%;75%;70;73;90;92;93;88;53;88;90
PROVA PORTO ALEGRE - AVALIAÇÃO FORMATIVA;MUNICIPAL;ENSINO FUNDAMENTAL DE 9 ANOS - 2º ANO;LP;RIO GRANDE DO SUL;PORTO ALEGRE;PORTO ALEGRE;EMEF PORTO NOVO; 21192411500000004;22;23;18;78;58;28%;33%;39%;71;88;59;43;67;47;65;64;64
PROVA PORTO ALEGRE - AVALIAÇÃO FORMATIVA;MUNICIPAL;ENSINO FUNDAMENTAL DE 9 ANOS - 2º ANO;LP;RIO GRANDE DO SUL;PORTO ALEGRE;PORTO ALEGRE;EMEM EMILIO MEYER; 21192411500000024;21;17;14;82;54;36%;29%;36%;50;71;74;71;67;43;46;23;57
PROVA PORTO ALEGRE - AVALIAÇÃO FORMATIVA;MUNICIPAL;ENSINO FUNDAMENTAL DE 9 ANOS - 2º ANO;LP;RIO GRANDE DO SUL;PORTO ALEGRE;PORTO ALEGRE;EMEM EMILIO MEYER; 21192411500000025;22;20;17;85;55;35%;18%;47%;38;61;59;63;65;62;62;59;82
PROVA PORTO ALEGRE - AVALIAÇÃO FORMATIVA;MUNICIPAL;ENSINO FUNDAMENTAL DE 9 ANOS - 2º ANO;LP;RIO GRANDE DO SUL;PORTO ALEGRE;PORTO ALEGRE;EMEM EMILIO MEYER; 21192411500000026;23;18;16;89;40;38%;56%;6%;47;69;40;52;65;31;31;40;57
PROVA PORTO ALEGRE - AVALIAÇÃO FORMATIVA;MUNICIPAL;ENSINO FUNDAMENTAL DE 9 ANOS - 2º ANO;LP;RIO GRANDE DO SUL;PORTO ALEGRE;PORTO ALEGRE;EMEM EMILIO MEYER; 21192411500000027;24;21;16;76;39;44%;44%;13%;53;50;65;69;65;47;25;38;56
PROVA PORTO ALEGRE - AVALIAÇÃO FORMATIVA;MUNICIPAL;ENSINO FUNDAMENTAL DE 9 ANOS - 2º ANO;LP;RIO GRANDE DO SUL;PORTO ALEGRE;PORTO ALEGRE;ESCOLA DE ENSINO FUNDAMENTAL MADRE RAFFO; 21192411500000053;2A;5;3;60;68;33%;0%;67%;83;78;89;100;44;67;33;33;67
PROVA PORTO ALEGRE - AVALIAÇÃO FORMATIVA;MUNICIPAL;ENSINO FUNDAMENTAL DE 9 ANOS - 2º ANO;LP;RIO GRANDE DO SUL;PORTO ALEGRE;PORTO ALEGRE;6001 EEF PEQUENA CASA DA CRIANCA; 21192411500000064;20;17;10;59;56;10%;60%;30%;25;63;67;70;57;35;65;80;80
PROVA PORTO ALEGRE - AVALIAÇÃO FORMATIVA;MUNICIPAL;ENSINO FUNDAMENTAL DE 9 ANOS - 2º ANO;LP;RIO GRANDE DO SUL;PORTO ALEGRE;PORTO ALEGRE;6001 EEF PEQUENA CASA DA CRIANCA; 21192411500000065;21;20;16;80;64;25%;38%;38%;47;63;71;83;73;56;66;59;72
PROVA PORTO ALEGRE - AVALIAÇÃO FORMATIVA;MUNICIPAL;ENSINO FUNDAMENTAL DE 9 ANOS - 2º ANO;LP;RIO GRANDE DO SUL;PORTO ALEGRE;PORTO ALEGRE;6001 EEF PEQUENA CASA DA CRIANCA; 21192411500000066;22;19;11;58;49;18%;64%;18%;41;61;45;39;58;50;68;82;91
PROVA PORTO ALEGRE - AVALIAÇÃO FORMATIVA;MUNICIPAL;ENSINO FUNDAMENTAL DE 9 ANOS - 2º ANO;LP;RIO GRANDE DO SUL;PORTO ALEGRE;PORTO ALEGRE;EMEF AFONSO GUERREIRO LIMA; 21192411500000080;21;25;18;72;62;22%;33%;44%;64;78;74;76;61;65;47;64;78
PROVA PORTO ALEGRE - AVALIAÇÃO FORMATIVA;MUNICIPAL;ENSINO FUNDAMENTAL DE 9 ANOS - 2º ANO;LP;RIO GRANDE DO SUL;PORTO ALEGRE;PORTO ALEGRE;EMEF AFONSO GUERREIRO LIMA; 21192411500000081;22;24;17;71;71;24%;18%;59%;81;90;82;75;61;44;59;75;75
PROVA PORTO ALEGRE - AVALIAÇÃO FORMATIVA;MUNICIPAL;ENSINO FUNDAMENTAL DE 9 ANOS - 2º ANO;LP;RIO GRANDE DO SUL;PORTO ALEGRE;PORTO ALEGRE;EMEF AFONSO GUERREIRO LIMA; 21192411500000082;23;25;21;84;74;19%;19%;62%;85;89;73;78;71;88;50;69;83
PROVA PORTO ALEGRE - AVALIAÇÃO FORMATIVA;MUNICIPAL;ENSINO FUNDAMENTAL DE 9 ANOS - 2º ANO;LP;RIO GRANDE DO SUL;PORTO ALEGRE;PORTO ALEGRE;EMEF AFONSO GUERREIRO LIMA; 21192411500000083;24;23;18;78;73;11%;33%;56%;50;85;76;63;69;64;76;67;83
PROVA PORTO ALEGRE - AVALIAÇÃO FORMATIVA;MUNICIPAL;ENSINO FUNDAMENTAL DE 9 ANOS - 2º ANO;LP;RIO GRANDE DO SUL;PORTO ALEGRE;PORTO ALEGRE;EMEF AMERICA; 21192411500000111;21;26;24;92;55;21%;46%;33%;44;60;85;71;67;54;44;42;61
PROVA PORTO ALEGRE - AVALIAÇÃO FORMATIVA;MUNICIPAL;ENSINO FUNDAMENTAL DE 9 ANOS - 2º ANO;LP;RIO GRANDE DO SUL;PORTO ALEGRE;PORTO ALEGRE;EMEF AMERICA; 21192411500000112;22;26;20;77;51;45%;20%;35%;33;60;82;65;67;53;43;39;60
PROVA PORTO ALEGRE - AVALIAÇÃO FORMATIVA;MUNICIPAL;ENSINO FUNDAMENTAL DE 9 ANOS - 2º ANO;LP;RIO GRANDE DO SUL;PORTO ALEGRE;PORTO ALEGRE;EMEF ARAMY SILVA; 21192411500000131;21;20;13;65;79;15%;15%;69%;69;67;90;85;82;65;62;77;85
PROVA PORTO ALEGRE - AVALIAÇÃO FORMATIVA;MUNICIPAL;ENSINO FUNDAMENTAL DE 9 ANOS - 2º ANO;LP;RIO GRANDE DO SUL;PORTO ALEGRE;PORTO ALEGRE;EMEF ARAMY SILVA; 21192411500000132;22;18;13;72;75;23%;15%;62%;73;74;79;79;77;69;54;69;81
PROVA PORTO ALEGRE - AVALIAÇÃO FORMATIVA;MUNICIPAL;ENSINO FUNDAMENTAL DE 9 ANOS - 2º ANO;LP;RIO GRANDE DO SUL;PORTO ALEGRE;PORTO ALEGRE;EMEF ARAMY SILVA; 21192411500000133;23;21;15;71;64;27%;7%;67%;53;78;76;69;69;43;60;60;73
PROVA PORTO ALEGRE - AVALIAÇÃO FORMATIVA;MUNICIPAL;ENSINO FUNDAMENTAL DE 9 ANOS - 2º ANO;LP;RIO GRANDE DO SUL;PORTO ALEGRE;PORTO ALEGRE;EMEF ARAMY SILVA; 21192411500000134;24;23;18;78;42;33%;56%;11%;39;61;44;33;69;50;47;64;83
PROVA PORTO ALEGRE - AVALIAÇÃO FORMATIVA;MUNICIPAL;ENSINO FUNDAMENTAL DE 9 ANOS - 2º ANO;LP;RIO GRANDE DO SUL;PORTO ALEGRE;PORTO ALEGRE;EMEF DECIO MARTINS COSTA; 21192411500000165;21;28;20;71;38;60%;15%;25%;50;57;50;40;75;50;35;53;61
PROVA PORTO ALEGRE - AVALIAÇÃO FORMATIVA;MUNICIPAL;ENSINO FUNDAMENTAL DE 9 ANOS - 2º ANO;LP;RIO GRANDE DO SUL;PORTO ALEGRE;PORTO ALEGRE;EMEF DECIO MARTINS COSTA; 21192411500000166;22;22;14;64;45;43%;43%;14%;57;67;69;43;55;54;57;46;50
PROVA PORTO ALEGRE - AVALIAÇÃO FORMATIVA;MUNICIPAL;ENSINO FUNDAMENTAL DE 9 ANOS - 2º ANO;LP;RIO GRANDE DO SUL;PORTO ALEGRE;PORTO ALEGRE;EMEF DECIO MARTINS COSTA; 21192411500000167;23;26;19;73;32;74%;5%;21%;42;56;46;32;61;58;53;37;47
PROVA PORTO ALEGRE - AVALIAÇÃO FORMATIVA;MUNICIPAL;ENSINO FUNDAMENTAL DE 9 ANOS - 2º ANO;LP;RIO GRANDE DO SUL;PORTO ALEGRE;PORTO ALEGRE;EMEF DECIO MARTINS COSTA; 21192411500000168;24;28;20;71;29;70%;20%;10%;30;73;60;37;48;38;31;34;65
PROVA PORTO ALEGRE - AVALIAÇÃO FORMATIVA;MUNICIPAL;ENSINO FUNDAMENTAL DE 9 ANOS - 2º ANO;LP;RIO GRANDE DO SUL;PORTO ALEGRE;PORTO ALEGRE;EMEF DOLORES ALCARAZ CALDAS; 21192411500000202;21;24;19;79;17;79%;21%;0%;37;53;35;37;46;39;34;25;50
PROVA PORTO ALEGRE - AVALIAÇÃO FORMATIVA;MUNICIPAL;ENSINO FUNDAMENTAL DE 9 ANOS - 2º ANO;LP;RIO GRANDE DO SUL;PORTO ALEGRE;PORTO ALEGRE;EMEF DOLORES ALCARAZ CALDAS; 21192411500000203;22;24;18;75;64;28%;22%;50%;72;94;69;67;67;53;42;61;58
PROVA PORTO ALEGRE - AVALIAÇÃO FORMATIVA;MUNICIPAL;ENSINO FUNDAMENTAL DE 9 ANOS - 2º ANO;LP;RIO GRANDE DO SUL;PORTO ALEGRE;PORTO ALEGRE;EMEF DOLORES ALCARAZ CALDAS; 21192411500000204;23;26;15;58;67;7%;47%;47%;83;93;53;47;62;57;73;80;77
PROVA PORTO ALEGRE - AVALIAÇÃO FORMATIVA;MUNICIPAL;ENSINO FUNDAMENTAL DE 9 ANOS - 2º ANO;LP;RIO GRANDE DO SUL;PORTO ALEGRE;PORTO ALEGRE;EMEF DOLORES ALCARAZ CALDAS; 21192411500000205;24;25;19;76;61;26%;21%;53%;64;65;72;69;77;50;44;58;68
PROVA PORTO ALEGRE - AVALIAÇÃO FORMATIVA;MUNICIPAL;ENSINO FUNDAMENTAL DE 9 ANOS - 2º ANO;LP;RIO GRANDE DO SUL;PORTO ALEGRE;PORTO ALEGRE;EMEF DOLORES ALCARAZ CALDAS; 21192411500000206;25;28;21;75;59;38%;19%;43%;64;81;81;60;63;64;48;52;67
PROVA PORTO ALEGRE - AVALIAÇÃO FORMATIVA;MUNICIPAL;ENSINO FUNDAMENTAL DE 9 ANOS - 2º ANO;LP;RIO GRANDE DO SUL;PORTO ALEGRE;PORTO ALEGRE;EMEF DOLORES ALCARAZ CALDAS; 21192411500000207;26;27;20;74;34;60%;25%;15%;45;57;63;50;57;48;25;44;60
PROVA PORTO ALEGRE - AVALIAÇÃO FORMATIVA;MUNICIPAL;ENSINO FUNDAMENTAL DE 9 ANOS - 2º ANO;LP;RIO GRANDE DO SUL;PORTO ALEGRE;PORTO ALEGRE;EMEF JOSE LOUREIRO DA SILVA; 21192411500000242;21;26;15;58;60;33%;20%;47%;43;53;76;76;69;53;40;93;67
PROVA PORTO ALEGRE - AVALIAÇÃO FORMATIVA;MUNICIPAL;ENSINO FUNDAMENTAL DE 9 ANOS - 2º ANO;LP;RIO GRANDE DO SUL;PORTO ALEGRE;PORTO ALEGRE;EMEF JOSE LOUREIRO DA SILVA; 21192411500000243;22;22;15;68;76;7%;33%;60%;71;88;87;71;76;61;82;71;64
PROVA PORTO ALEGRE - AVALIAÇÃO FORMATIVA;MUNICIPAL;ENSINO FUNDAMENTAL DE 9 ANOS - 2º ANO;LP;RIO GRANDE DO SUL;PORTO ALEGRE;PORTO ALEGRE;EMEF JOSE LOUREIRO DA SILVA; 21192411500000244;23;22;17;77;54;35%;29%;35%;44;71;59;69;57;53;47;65;74
PROVA PORTO ALEGRE - AVALIAÇÃO FORMATIVA;MUNICIPAL;ENSINO FUNDAMENTAL DE 9 ANOS - 2º ANO;LP;RIO GRANDE DO SUL;PORTO ALEGRE;PORTO ALEGRE;EMEF JOSE LOUREIRO DA SILVA; 21192411500000245;24;23;18;78;59;22%;44%;33%;68;78;72;74;61;56;53;43;50
PROVA PORTO ALEGRE - AVALIAÇÃO FORMATIVA;MUNICIPAL;ENSINO FUNDAMENTAL DE 9 ANOS - 2º ANO;LP;RIO GRANDE DO SUL;PORTO ALEGRE;PORTO ALEGRE;EMEB DR LIBERATO SALZANO VIEIRA DA CUNHA; 21192411500000280;21;25;19;76;82;11%;11%;79%;92;74;86;81;68;82;71;71;89
PROVA PORTO ALEGRE - AVALIAÇÃO FORMATIVA;MUNICIPAL;ENSINO FUNDAMENTAL DE 9 ANOS - 2º ANO;LP;RIO GRANDE DO SUL;PORTO ALEGRE;PORTO ALEGRE;EMEB DR LIBERATO SALZANO VIEIRA DA CUNHA; 21192411500000281;22;19;16;84;48;38%;44%;19%;50;65;56;69;56;50;31;41;63
PROVA PORTO ALEGRE - AVALIAÇÃO FORMATIVA;MUNICIPAL;ENSINO FUNDAMENTAL DE 9 ANOS - 2º ANO;LP;RIO GRANDE DO SUL;PORTO ALEGRE;PORTO ALEGRE;EMEB DR LIBERATO SALZANO VIEIRA DA CUNHA; 21192411500000282;23;22;14;64;82;14%;7%;79%;57;81;81;79;88;50;81;86;82
PROVA PORTO ALEGRE - AVALIAÇÃO FORMATIVA;MUNICIPAL;ENSINO FUNDAMENTAL DE 9 ANOS - 2º ANO;LP;RIO GRANDE DO SUL;PORTO ALEGRE;PORTO ALEGRE;EMEB DR LIBERATO SALZANO VIEIRA DA CUNHA; 21192411500000283;24;22;20;91;53;25%;55%;20%;55;78;57;37;65;68;60;66;65
PROVA PORTO ALEGRE - AVALIAÇÃO FORMATIVA;MUNICIPAL;ENSINO FUNDAMENTAL DE 9 ANOS - 2º ANO;LP;RIO GRANDE DO SUL;PORTO ALEGRE;PORTO ALEGRE;EMEF NOSSA SENHORA DE FATIMA; 21192411500000317;21;26;22;85;55;36%;27%;36%;57;70;74;78;60;75;34;42;73
PROVA PORTO ALEGRE - AVALIAÇÃO FORMATIVA;MUNICIPAL;ENSINO FUNDAMENTAL DE 9 ANOS - 2º ANO;LP;RIO GRANDE DO SUL;PORTO ALEGRE;PORTO ALEGRE;EMEF NOSSA SENHORA DE FATIMA; 21192411500000318;22;26;18;69;54;39%;33%;28%;65;83;72;63;61;42;62;47;62
PROVA PORTO ALEGRE - AVALIAÇÃO FORMATIVA;MUNICIPAL;ENSINO FUNDAMENTAL DE 9 ANOS - 2º ANO;LP;RIO GRANDE DO SUL;PORTO ALEGRE;PORTO ALEGRE;EMEF NOSSA SENHORA DE FATIMA; 21192411500000319;23;23;16;70;38;56%;19%;25%;53;46;58;48;44;59;47;41;57
PROVA PORTO ALEGRE - AVALIAÇÃO FORMATIVA;MUNICIPAL;ENSINO FUNDAMENTAL DE 9 ANOS - 2º ANO;LP;RIO GRANDE DO SUL;PORTO ALEGRE;PORTO ALEGRE;EMEF PEPITA DE LEAO; 21192411500000344;21;19;13;68;68;23%;23%;54%;62;79;67;77;79;77;46;73;65
PROVA PORTO ALEGRE - AVALIAÇÃO FORMATIVA;MUNICIPAL;ENSINO FUNDAMENTAL DE 9 ANOS - 2º ANO;LP;RIO GRANDE DO SUL;PORTO ALEGRE;PORTO ALEGRE;EMEF PEPITA DE LEAO; 21192411500000345;22;22;13;59;48;38%;23%;38%;54;59;49;33;92;42;50;50;71
PROVA PORTO ALEGRE - AVALIAÇÃO FORMATIVA;MUNICIPAL;ENSINO FUNDAMENTAL DE 9 ANOS - 2º ANO;LP;RIO GRANDE DO SUL;PORTO ALEGRE;PORTO ALEGRE;EMEF PEPITA DE LEAO; 21192411500000346;23;19;15;79;25;67%;27%;7%;40;73;53;60;51;10;40;13;27
PROVA PORTO ALEGRE - AVALIAÇÃO FORMATIVA;MUNICIPAL;ENSINO FUNDAMENTAL DE 9 ANOS - 2º ANO;LP;RIO GRANDE DO SUL;PORTO ALEGRE;PORTO ALEGRE;EMEF PRESIDENTE VARGAS; 21192411500000364;21;21;17;81;48;47%;18%;35%;43;69;78;57;65;50;50;69;61
PROVA PORTO ALEGRE - AVALIAÇÃO FORMATIVA;MUNICIPAL;ENSINO FUNDAMENTAL DE 9 ANOS - 2º ANO;LP;RIO GRANDE DO SUL;PORTO ALEGRE;PORTO ALEGRE;EMEF PRESIDENTE VARGAS; 21192411500000365;22;25;15;60;68;20%;27%;53%;83;76;76;64;64;67;61;57;73
PROVA PORTO ALEGRE - AVALIAÇÃO FORMATIVA;MUNICIPAL;ENSINO FUNDAMENTAL DE 9 ANOS - 2º ANO;LP;RIO GRANDE DO SUL;PORTO ALEGRE;PORTO ALEGRE;EMEF HEITOR VILLA LOBOS; 21192411500000383;21;23;12;52;6;92%;8%;0%;50;24;33;13;44;75;50;40;100
PROVA PORTO ALEGRE - AVALIAÇÃO FORMATIVA;MUNICIPAL;ENSINO FUNDAMENTAL DE 9 ANOS - 2º ANO;LP;RIO GRANDE DO SUL;PORTO ALEGRE;PORTO ALEGRE;EMEF HEITOR VILLA LOBOS; 21192411500000384;22;23;19;83;71;11%;32%;58%;66;79;68;68;74;79;61;64;79
PROVA PORTO ALEGRE - AVALIAÇÃO FORMATIVA;MUNICIPAL;ENSINO FUNDAMENTAL DE 9 ANOS - 2º ANO;LP;RIO GRANDE DO SUL;PORTO ALEGRE;PORTO ALEGRE;EMEF HEITOR VILLA LOBOS; 21192411500000385;23;26;22;85;74;9%;18%;73%;77;86;80;80;56;82;73;36;73
PROVA PORTO ALEGRE - AVALIAÇÃO FORMATIVA;MUNICIPAL;ENSINO FUNDAMENTAL DE 9 ANOS - 2º ANO;LP;RIO GRANDE DO SUL;PORTO ALEGRE;PORTO ALEGRE;EMEF HEITOR VILLA LOBOS; 21192411500000386;24;24;20;83;61;25%;30%;45%;55;78;75;67;57;58;55;60;70
PROVA PORTO ALEGRE - AVALIAÇÃO FORMATIVA;MUNICIPAL;ENSINO FUNDAMENTAL DE 9 ANOS - 2º ANO;LP;RIO GRANDE DO SUL;PORTO ALEGRE;PORTO ALEGRE;EMEB PROFESSORA LEOPOLDA BARNEWITZ; 21192411500000412;21;19;18;95;83;17%;6%;78%;81;85;76;85;78;83;69;83;92
PROVA PORTO ALEGRE - AVALIAÇÃO FORMATIVA;MUNICIPAL;ENSINO FUNDAMENTAL DE 9 ANOS - 2º ANO;LP;RIO GRANDE DO SUL;PORTO ALEGRE;PORTO ALEGRE;EMEB PROFESSORA LEOPOLDA BARNEWITZ; 21192411500000413;22;12;8;67;56;13%;63%;25%;69;79;50;38;58;75;75;69;75
PROVA PORTO ALEGRE - AVALIAÇÃO FORMATIVA;MUNICIPAL;ENSINO FUNDAMENTAL DE 9 ANOS - 2º ANO;LP;RIO GRANDE DO SUL;PORTO ALEGRE;PORTO ALEGRE;EMEF GOV ILDO MENEGHETTI; 21192411500000422;21;21;15;71;50;47%;13%;40%;27;53;71;58;60;50;50;57;67
PROVA PORTO ALEGRE - AVALIAÇÃO FORMATIVA;MUNICIPAL;ENSINO FUNDAMENTAL DE 9 ANOS - 2º ANO;LP;RIO GRANDE DO SUL;PORTO ALEGRE;PORTO ALEGRE;EMEF GOV ILDO MENEGHETTI; 21192411500000423;22;22;21;95;60;38%;19%;43%;45;76;84;73;67;33;31;57;57
PROVA PORTO ALEGRE - AVALIAÇÃO FORMATIVA;MUNICIPAL;ENSINO FUNDAMENTAL DE 9 ANOS - 2º ANO;LP;RIO GRANDE DO SUL;PORTO ALEGRE;PORTO ALEGRE;EMEF GOV ILDO MENEGHETTI; 21192411500000424;23;22;19;86;54;26%;47%;26%;47;74;68;70;58;37;44;66;66
PROVA PORTO ALEGRE - AVALIAÇÃO FORMATIVA;MUNICIPAL;ENSINO FUNDAMENTAL DE 9 ANOS - 2º ANO;LP;RIO GRANDE DO SUL;PORTO ALEGRE;PORTO ALEGRE;EMEF GOV ILDO MENEGHETTI; 21192411500000425;24;25;19;76;45;42%;26%;32%;50;63;70;72;47;32;47;61;44
PROVA PORTO ALEGRE - AVALIAÇÃO FORMATIVA;MUNICIPAL;ENSINO FUNDAMENTAL DE 9 ANOS - 2º ANO;LP;RIO GRANDE DO SUL;PORTO ALEGRE;PORTO ALEGRE;EMEF GOV ILDO MENEGHETTI; 21192411500000426;25;23;19;83;57;37%;21%;42%;53;56;75;69;61;56;55;72;68
PROVA PORTO ALEGRE - AVALIAÇÃO FORMATIVA;MUNICIPAL;ENSINO FUNDAMENTAL DE 9 ANOS - 2º ANO;LP;RIO GRANDE DO SUL;PORTO ALEGRE;PORTO ALEGRE;EMEF SEN ALBERTO PASQUALINI; 21192411500000461;21;25;19;76;52;32%;37%;32%;61;84;65;46;54;33;72;53;68
PROVA PORTO ALEGRE - AVALIAÇÃO FORMATIVA;MUNICIPAL;ENSINO FUNDAMENTAL DE 9 ANOS - 2º ANO;LP;RIO GRANDE DO SUL;PORTO ALEGRE;PORTO ALEGRE;EMEF SEN ALBERTO PASQUALINI; 21192411500000462;22;24;18;75;61;22%;44%;33%;56;72;72;70;63;42;53;69;75
PROVA PORTO ALEGRE - AVALIAÇÃO FORMATIVA;MUNICIPAL;ENSINO FUNDAMENTAL DE 9 ANOS - 2º ANO;LP;RIO GRANDE DO SUL;PORTO ALEGRE;PORTO ALEGRE;EMEF SEN ALBERTO PASQUALINI; 21192411500000463;23;28;20;71;51;30%;40%;30%;63;60;77;50;70;66;50;53;50
PROVA PORTO ALEGRE - AVALIAÇÃO FORMATIVA;MUNICIPAL;ENSINO FUNDAMENTAL DE 9 ANOS - 2º ANO;LP;RIO GRANDE DO SUL;PORTO ALEGRE;PORTO ALEGRE;EMEF PRES JOAO BELCHIOR MARQUES GOULART; 21192411500000498;21;13;10;77;65;20%;40%;40%;35;83;83;67;77;56;35;75;94
PROVA PORTO ALEGRE - AVALIAÇÃO FORMATIVA;MUNICIPAL;ENSINO FUNDAMENTAL DE 9 ANOS - 2º ANO;LP;RIO GRANDE DO SUL;PORTO ALEGRE;PORTO ALEGRE;EMEF PRES JOAO BELCHIOR MARQUES GOULART; 21192411500000500;23;12;10;83;84;0%;30%;70%;70;97;77;83;80;60;75;80;70
PROVA PORTO ALEGRE - AVALIAÇÃO FORMATIVA;MUNICIPAL;ENSINO FUNDAMENTAL DE 9 ANOS - 2º ANO;LP;RIO GRANDE DO SUL;PORTO ALEGRE;PORTO ALEGRE;EMEF PRES JOAO BELCHIOR MARQUES GOULART; 21192411500001845;25;40;22;55;76;14%;27%;59%;43;89;67;41;79;75;80;84;89
PROVA PORTO ALEGRE - AVALIAÇÃO FORMATIVA;MUNICIPAL;ENSINO FUNDAMENTAL DE 9 ANOS - 2º ANO;LP;RIO GRANDE DO SUL;PORTO ALEGRE;PORTO ALEGRE;EMEF GRANDE ORIENTE DO RGS; 21192411500000526;21;25;19;76;48;16%;74%;11%;81;61;51;37;68;58;34;76;92
PROVA PORTO ALEGRE - AVALIAÇÃO FORMATIVA;MUNICIPAL;ENSINO FUNDAMENTAL DE 9 ANOS - 2º ANO;LP;RIO GRANDE DO SUL;PORTO ALEGRE;PORTO ALEGRE;EMEF GRANDE ORIENTE DO RGS; 21192411500000527;22;23;15;65;36;53%;40%;7%;40;62;78;60;73;33;19;25;39
PROVA PORTO ALEGRE - AVALIAÇÃO FORMATIVA;MUNICIPAL;ENSINO FUNDAMENTAL DE 9 ANOS - 2º ANO;LP;RIO GRANDE DO SUL;PORTO ALEGRE;PORTO ALEGRE;EMEF GRANDE ORIENTE DO RGS; 21192411500000528;23;24;15;63;42;47%;27%;27%;46;58;44;40;73;30;43;73;60
PROVA PORTO ALEGRE - AVALIAÇÃO FORMATIVA;MUNICIPAL;ENSINO FUNDAMENTAL DE 9 ANOS - 2º ANO;LP;RIO GRANDE DO SUL;PORTO ALEGRE;PORTO ALEGRE;EMEF GRANDE ORIENTE DO RGS; 21192411500000529;24;26;18;69;48;44%;28%;28%;50;74;80;61;70;35;36;27;67
PROVA PORTO ALEGRE - AVALIAÇÃO FORMATIVA;MUNICIPAL;ENSINO FUNDAMENTAL DE 9 ANOS - 2º ANO;LP;RIO GRANDE DO SUL;PORTO ALEGRE;PORTO ALEGRE;EMEF PROF JUDITH MACEDO DE ARAUJO; 21192411500000559;21;26;22;85;50;36%;36%;27%;36;83;58;35;79;43;41;52;79
PROVA PORTO ALEGRE - AVALIAÇÃO FORMATIVA;MUNICIPAL;ENSINO FUNDAMENTAL DE 9 ANOS - 2º ANO;LP;RIO GRANDE DO SUL;PORTO ALEGRE;PORTO ALEGRE;EMEF PROF JUDITH MACEDO DE ARAUJO; 21192411500000560;22;27;25;93;66;12%;36%;52%;76;96;64;36;56;64;79;85;76
PROVA PORTO ALEGRE - AVALIAÇÃO FORMATIVA;MUNICIPAL;ENSINO FUNDAMENTAL DE 9 ANOS - 2º ANO;LP;RIO GRANDE DO SUL;PORTO ALEGRE;PORTO ALEGRE;EMEF PROF JUDITH MACEDO DE ARAUJO; 21192411500000561;23;26;24;92;67;21%;25%;54%;52;86;72;61;69;57;71;69;56
PROVA PORTO ALEGRE - AVALIAÇÃO FORMATIVA;MUNICIPAL;ENSINO FUNDAMENTAL DE 9 ANOS - 2º ANO;LP;RIO GRANDE DO SUL;PORTO ALEGRE;PORTO ALEGRE;EMEF LEOCADIA FELIZARDO PRESTES; 21192411500000584;21;27;19;70;54;37%;21%;42%;32;74;63;67;65;61;42;55;63
PROVA PORTO ALEGRE - AVALIAÇÃO FORMATIVA;MUNICIPAL;ENSINO FUNDAMENTAL DE 9 ANOS - 2º ANO;LP;RIO GRANDE DO SUL;PORTO ALEGRE;PORTO ALEGRE;EMEF LEOCADIA FELIZARDO PRESTES; 21192411500000585;22;26;17;65;83;12%;0%;88%;59;80;86;84;82;82;65;74;82
PROVA PORTO ALEGRE - AVALIAÇÃO FORMATIVA;MUNICIPAL;ENSINO FUNDAMENTAL DE 9 ANOS - 2º ANO;LP;RIO GRANDE DO SUL;PORTO ALEGRE;PORTO ALEGRE;EMEF PROF GILBERTO JORGE GONCALVES DA SILVA; 21192411500000601;21;21;14;67;92;7%;7%;86%;86;86;95;93;93;82;75;82;100
PROVA PORTO ALEGRE - AVALIAÇÃO FORMATIVA;MUNICIPAL;ENSINO FUNDAMENTAL DE 9 ANOS - 2º ANO;LP;RIO GRANDE DO SUL;PORTO ALEGRE;PORTO ALEGRE;EMEF VER CARLOS PESSOA DE BRUM; 21192411500000614;21;25;16;64;91;6%;13%;81%;88;98;83;83;75;84;69;84;97
PROVA PORTO ALEGRE - AVALIAÇÃO FORMATIVA;MUNICIPAL;ENSINO FUNDAMENTAL DE 9 ANOS - 2º ANO;LP;RIO GRANDE DO SUL;PORTO ALEGRE;PORTO ALEGRE;EMEF VER CARLOS PESSOA DE BRUM; 21192411500000615;22;28;18;64;55;28%;39%;33%;44;69;74;56;57;50;67;72;61
PROVA PORTO ALEGRE - AVALIAÇÃO FORMATIVA;MUNICIPAL;ENSINO FUNDAMENTAL DE 9 ANOS - 2º ANO;LP;RIO GRANDE DO SUL;PORTO ALEGRE;PORTO ALEGRE;EMEF VER CARLOS PESSOA DE BRUM; 21192411500000616;23;28;24;86;41;42%;38%;21%;54;67;45;42;59;42;29;67;64
PROVA PORTO ALEGRE - AVALIAÇÃO FORMATIVA;MUNICIPAL;ENSINO FUNDAMENTAL DE 9 ANOS - 2º ANO;LP;RIO GRANDE DO SUL;PORTO ALEGRE;PORTO ALEGRE;EMEF VER CARLOS PESSOA DE BRUM; 21192411500000617;24;26;18;69;89;11%;6%;83%;11;100;85;89;94;75;78;85;89
PROVA PORTO ALEGRE - AVALIAÇÃO FORMATIVA;MUNICIPAL;ENSINO FUNDAMENTAL DE 9 ANOS - 2º ANO;LP;RIO GRANDE DO SUL;PORTO ALEGRE;PORTO ALEGRE;EMEF PROF LARRY JOSE RIBEIRO ALVES; 21192411500000650;21;27;21;78;29;57%;38%;5%;40;65;48;38;41;38;45;40;45
PROVA PORTO ALEGRE - AVALIAÇÃO FORMATIVA;MUNICIPAL;ENSINO FUNDAMENTAL DE 9 ANOS - 2º ANO;LP;RIO GRANDE DO SUL;PORTO ALEGRE;PORTO ALEGRE;EMEF PROF LARRY JOSE RIBEIRO ALVES; 21192411500000651;22;27;24;89;28;79%;13%;8%;38;43;56;46;51;56;40;43;38
PROVA PORTO ALEGRE - AVALIAÇÃO FORMATIVA;MUNICIPAL;ENSINO FUNDAMENTAL DE 9 ANOS - 2º ANO;LP;RIO GRANDE DO SUL;PORTO ALEGRE;PORTO ALEGRE;EMEF PROF LARRY JOSE RIBEIRO ALVES; 21192411500000652;23;28;20;71;44;50%;10%;40%;43;48;68;55;58;45;48;40;57
PROVA PORTO ALEGRE - AVALIAÇÃO FORMATIVA;MUNICIPAL;ENSINO FUNDAMENTAL DE 9 ANOS - 2º ANO;LP;RIO GRANDE DO SUL;PORTO ALEGRE;PORTO ALEGRE;EMEF VER MARTIM ARANHA; 21192411500000678;21;23;17;74;61;35%;6%;59%;65;67;60;67;75;50;53;72;69
PROVA PORTO ALEGRE - AVALIAÇÃO FORMATIVA;MUNICIPAL;ENSINO FUNDAMENTAL DE 9 ANOS - 2º ANO;LP;RIO GRANDE DO SUL;PORTO ALEGRE;PORTO ALEGRE;EMEF VER MARTIM ARANHA; 21192411500000679;22;26;20;77;55;25%;55%;20%;60;60;72;68;65;60;63;50;45
PROVA PORTO ALEGRE - AVALIAÇÃO FORMATIVA;MUNICIPAL;ENSINO FUNDAMENTAL DE 9 ANOS - 2º ANO;LP;RIO GRANDE DO SUL;PORTO ALEGRE;PORTO ALEGRE;EMEF VER MARTIM ARANHA; 21192411500000680;23;25;21;84;56;24%;48%;29%;29;75;78;65;62;43;48;67;74
PROVA PORTO ALEGRE - AVALIAÇÃO FORMATIVA;MUNICIPAL;ENSINO FUNDAMENTAL DE 9 ANOS - 2º ANO;LP;RIO GRANDE DO SUL;PORTO ALEGRE;PORTO ALEGRE;EMEF DEP MARCIRIO GOULART LOUREIRO; 21192411500000706;21;27;15;56;23;73%;27%;0%;29;53;51;43;40;46;32;39;64
PROVA PORTO ALEGRE - AVALIAÇÃO FORMATIVA;MUNICIPAL;ENSINO FUNDAMENTAL DE 9 ANOS - 2º ANO;LP;RIO GRANDE DO SUL;PORTO ALEGRE;PORTO ALEGRE;EMEF DEP MARCIRIO GOULART LOUREIRO; 21192411500000707;22;26;17;65;19;71%;24%;6%;36;47;39;25;50;41;35;32;46
PROVA PORTO ALEGRE - AVALIAÇÃO FORMATIVA;MUNICIPAL;ENSINO FUNDAMENTAL DE 9 ANOS - 2º ANO;LP;RIO GRANDE DO SUL;PORTO ALEGRE;PORTO ALEGRE;EMEF DEP MARCIRIO GOULART LOUREIRO; 21192411500000708;23;28;19;68;49;42%;16%;42%;44;63;65;56;59;47;37;71;72
PROVA PORTO ALEGRE - AVALIAÇÃO FORMATIVA;MUNICIPAL;ENSINO FUNDAMENTAL DE 9 ANOS - 2º ANO;LP;RIO GRANDE DO SUL;PORTO ALEGRE;PORTO ALEGRE;EMEF DEP MARCIRIO GOULART LOUREIRO; 21192411500000709;24;27;23;85;35;48%;43%;9%;40;68;42;38;61;33;41;50;57
PROVA PORTO ALEGRE - AVALIAÇÃO FORMATIVA;MUNICIPAL;ENSINO FUNDAMENTAL DE 9 ANOS - 2º ANO;LP;RIO GRANDE DO SUL;PORTO ALEGRE;PORTO ALEGRE;EMEF LIDOVINO FANTON; 21192411500000738;21;28;21;75;51;33%;48%;19%;40;56;78;63;59;26;57;67;69
PROVA PORTO ALEGRE - AVALIAÇÃO FORMATIVA;MUNICIPAL;ENSINO FUNDAMENTAL DE 9 ANOS - 2º ANO;LP;RIO GRANDE DO SUL;PORTO ALEGRE;PORTO ALEGRE;EMEF LIDOVINO FANTON; 21192411500000739;22;28;17;61;17;82%;18%;0%;18;59;56;47;38;17;7;47;31
PROVA PORTO ALEGRE - AVALIAÇÃO FORMATIVA;MUNICIPAL;ENSINO FUNDAMENTAL DE 9 ANOS - 2º ANO;LP;RIO GRANDE DO SUL;PORTO ALEGRE;PORTO ALEGRE;EMEF LIDOVINO FANTON; 21192411500000740;23;26;17;65;57;24%;35%;41%;53;67;75;71;59;53;44;59;65
PROVA PORTO ALEGRE - AVALIAÇÃO FORMATIVA;MUNICIPAL;ENSINO FUNDAMENTAL DE 9 ANOS - 2º ANO;LP;RIO GRANDE DO SUL;PORTO ALEGRE;PORTO ALEGRE;EMEF LIDOVINO FANTON; 21192411500000741;24;27;23;85;36;65%;17%;17%;35;54;59;51;55;39;41;55;37
PROVA PORTO ALEGRE - AVALIAÇÃO FORMATIVA;MUNICIPAL;ENSINO FUNDAMENTAL DE 9 ANOS - 2º ANO;LP;RIO GRANDE DO SUL;PORTO ALEGRE;PORTO ALEGRE;EMEF PROF ANA IRIS DO AMARAL; 21192411500000772;21;24;21;88;63;19%;24%;57%;71;78;54;35;68;74;71;81;86
PROVA PORTO ALEGRE - AVALIAÇÃO FORMATIVA;MUNICIPAL;ENSINO FUNDAMENTAL DE 9 ANOS - 2º ANO;LP;RIO GRANDE DO SUL;PORTO ALEGRE;PORTO ALEGRE;EMEF PROF ANA IRIS DO AMARAL; 21192411500000773;22;25;20;80;76;10%;25%;65%;85;72;68;83;77;57;63;73;90
PROVA PORTO ALEGRE - AVALIAÇÃO FORMATIVA;MUNICIPAL;ENSINO FUNDAMENTAL DE 9 ANOS - 2º ANO;LP;RIO GRANDE DO SUL;PORTO ALEGRE;PORTO ALEGRE;EMEF LAURO RODRIGUES; 21192411500000791;21;23;23;100;62;26%;30%;43%;63;62;77;71;61;59;52;74;74
PROVA PORTO ALEGRE - AVALIAÇÃO FORMATIVA;MUNICIPAL;ENSINO FUNDAMENTAL DE 9 ANOS - 2º ANO;LP;RIO GRANDE DO SUL;PORTO ALEGRE;PORTO ALEGRE;EMEF LAURO RODRIGUES; 21192411500000792;22;24;20;83;58;40%;10%;50%;68;68;77;60;65;42;50;69;68
PROVA PORTO ALEGRE - AVALIAÇÃO FORMATIVA;MUNICIPAL;ENSINO FUNDAMENTAL DE 9 ANOS - 2º ANO;LP;RIO GRANDE DO SUL;PORTO ALEGRE;PORTO ALEGRE;EMEF LAURO RODRIGUES; 21192411500000793;23;25;19;76;79;5%;26%;68%;71;91;74;72;61;66;84;82;81
PROVA PORTO ALEGRE - AVALIAÇÃO FORMATIVA;MUNICIPAL;ENSINO FUNDAMENTAL DE 9 ANOS - 2º ANO;LP;RIO GRANDE DO SUL;PORTO ALEGRE;PORTO ALEGRE;EMEF JOAO ANTONIO SATTE; 21192411500000817;21;18;8;44;49;25%;50%;25%;56;67;46;25;75;63;63;81;81
PROVA PORTO ALEGRE - AVALIAÇÃO FORMATIVA;MUNICIPAL;ENSINO FUNDAMENTAL DE 9 ANOS - 2º ANO;LP;RIO GRANDE DO SUL;PORTO ALEGRE;PORTO ALEGRE;EMEF JOAO ANTONIO SATTE; 21192411500000818;22;18;11;61;55;36%;27%;36%;55;70;64;36;76;59;60;75;85
PROVA PORTO ALEGRE - AVALIAÇÃO FORMATIVA;MUNICIPAL;ENSINO FUNDAMENTAL DE 9 ANOS - 2º ANO;LP;RIO GRANDE DO SUL;PORTO ALEGRE;PORTO ALEGRE;EMEF JOAO ANTONIO SATTE; 21192411500000819;23;21;16;76;78;6%;25%;69%;56;92;83;77;75;50;56;78;81
PROVA PORTO ALEGRE - AVALIAÇÃO FORMATIVA;MUNICIPAL;ENSINO FUNDAMENTAL DE 9 ANOS - 2º ANO;LP;RIO GRANDE DO SUL;PORTO ALEGRE;PORTO ALEGRE;EMEF DEP VICTOR ISSLER; 21192411500000852;21;27;21;78;62;29%;19%;52%;64;68;73;60;63;60;60;62;71
PROVA PORTO ALEGRE - AVALIAÇÃO FORMATIVA;MUNICIPAL;ENSINO FUNDAMENTAL DE 9 ANOS - 2º ANO;LP;RIO GRANDE DO SUL;PORTO ALEGRE;PORTO ALEGRE;EMEF DEP VICTOR ISSLER; 21192411500000853;22;27;25;93;83;4%;24%;72%;64;88;80;73;71;84;78;84;92
PROVA PORTO ALEGRE - AVALIAÇÃO FORMATIVA;MUNICIPAL;ENSINO FUNDAMENTAL DE 9 ANOS - 2º ANO;LP;RIO GRANDE DO SUL;PORTO ALEGRE;PORTO ALEGRE;EMEF DEP VICTOR ISSLER; 21192411500000854;23;26;22;85;43;50%;18%;32%;62;71;45;47;58;42;40;50;68
PROVA PORTO ALEGRE - AVALIAÇÃO FORMATIVA;MUNICIPAL;ENSINO FUNDAMENTAL DE 9 ANOS - 2º ANO;LP;RIO GRANDE DO SUL;PORTO ALEGRE;PORTO ALEGRE;EMEF DEP VICTOR ISSLER; 21192411500000855;24;26;24;92;33;58%;25%;17%;35;58;56;58;65;23;17;47;50
PROVA PORTO ALEGRE - AVALIAÇÃO FORMATIVA;MUNICIPAL;ENSINO FUNDAMENTAL DE 9 ANOS - 2º ANO;LP;RIO GRANDE DO SUL;PORTO ALEGRE;PORTO ALEGRE;EMEF DEP VICTOR ISSLER; 21192411500000856;25;27;24;89;69;21%;21%;58%;58;83;78;75;61;52;56;69;83
PROVA PORTO ALEGRE - AVALIAÇÃO FORMATIVA;MUNICIPAL;ENSINO FUNDAMENTAL DE 9 ANOS - 2º ANO;LP;RIO GRANDE DO SUL;PORTO ALEGRE;PORTO ALEGRE;EMEF GABRIEL OBINO; 21192411500000889;21;27;24;89;72;17%;25%;58%;60;94;81;63;65;67;65;69;75
PROVA PORTO ALEGRE - AVALIAÇÃO FORMATIVA;MUNICIPAL;ENSINO FUNDAMENTAL DE 9 ANOS - 2º ANO;LP;RIO GRANDE DO SUL;PORTO ALEGRE;PORTO ALEGRE;EMEF GABRIEL OBINO; 21192411500000890;22;17;15;88;84;7%;20%;73%;57;93;71;91;67;73;80;87;67
PROVA PORTO ALEGRE - AVALIAÇÃO FORMATIVA;MUNICIPAL;ENSINO FUNDAMENTAL DE 9 ANOS - 2º ANO;LP;RIO GRANDE DO SUL;PORTO ALEGRE;PORTO ALEGRE;EMEF GABRIEL OBINO; 21192411500000891;23;12;9;75;78;22%;11%;67%;28;85;85;93;74;67;61;56;89
PROVA PORTO ALEGRE - AVALIAÇÃO FORMATIVA;MUNICIPAL;ENSINO FUNDAMENTAL DE 9 ANOS - 2º ANO;LP;RIO GRANDE DO SUL;PORTO ALEGRE;PORTO ALEGRE;EMEF SAINT HILAIRE; 21192411500000912;21;24;19;79;40;47%;37%;16%;53;51;61;54;63;32;47;45;53
PROVA PORTO ALEGRE - AVALIAÇÃO FORMATIVA;MUNICIPAL;ENSINO FUNDAMENTAL DE 9 ANOS - 2º ANO;LP;RIO GRANDE DO SUL;PORTO ALEGRE;PORTO ALEGRE;EMEF SAINT HILAIRE; 21192411500000913;22;22;15;68;59;40%;20%;40%;50;73;71;60;73;53;40;63;83
PROVA PORTO ALEGRE - AVALIAÇÃO FORMATIVA;MUNICIPAL;ENSINO FUNDAMENTAL DE 9 ANOS - 2º ANO;LP;RIO GRANDE DO SUL;PORTO ALEGRE;PORTO ALEGRE;EMEF SAINT HILAIRE; 21192411500000914;23;23;16;70;48;38%;38%;25%;59;65;63;35;56;56;63;53;84
PROVA PORTO ALEGRE - AVALIAÇÃO FORMATIVA;MUNICIPAL;ENSINO FUNDAMENTAL DE 9 ANOS - 2º ANO;LP;RIO GRANDE DO SUL;PORTO ALEGRE;PORTO ALEGRE;EMEF SAINT HILAIRE; 21192411500000915;24;21;16;76;26;63%;38%;0%;50;50;48;19;65;25;47;38;44
PROVA PORTO ALEGRE - AVALIAÇÃO FORMATIVA;MUNICIPAL;ENSINO FUNDAMENTAL DE 9 ANOS - 2º ANO;LP;RIO GRANDE DO SUL;PORTO ALEGRE;PORTO ALEGRE;EMEF SAO PEDRO; 21192411500000950;21;20;15;75;72;7%;33%;60%;100;87;71;36;60;67;93;93;83
PROVA PORTO ALEGRE - AVALIAÇÃO FORMATIVA;MUNICIPAL;ENSINO FUNDAMENTAL DE 9 ANOS - 2º ANO;LP;RIO GRANDE DO SUL;PORTO ALEGRE;PORTO ALEGRE;EMEF SAO PEDRO; 21192411500000951;22;21;16;76;70;19%;31%;50%;69;75;75;73;69;81;75;56;69
PROVA PORTO ALEGRE - AVALIAÇÃO FORMATIVA;MUNICIPAL;ENSINO FUNDAMENTAL DE 9 ANOS - 2º ANO;LP;RIO GRANDE DO SUL;PORTO ALEGRE;PORTO ALEGRE;EMEF SAO PEDRO; 21192411500000952;23;20;16;80;81;6%;31%;63%;84;100;88;81;75;69;87;87;72
PROVA PORTO ALEGRE - AVALIAÇÃO FORMATIVA;MUNICIPAL;ENSINO FUNDAMENTAL DE 9 ANOS - 2º ANO;LP;RIO GRANDE DO SUL;PORTO ALEGRE;PORTO ALEGRE;EMEF SAO PEDRO; 21192411500000953;24;22;18;82;61;28%;17%;56%;61;69;69;69;69;53;59;64;65
PROVA PORTO ALEGRE - AVALIAÇÃO FORMATIVA;MUNICIPAL;ENSINO FUNDAMENTAL DE 9 ANOS - 2º ANO;LP;RIO GRANDE DO SUL;PORTO ALEGRE;PORTO ALEGRE;EMEF SAO PEDRO; 21192411500000954;25;19;14;74;72;14%;36%;50%;86;86;59;38;88;86;81;79;82
PROVA PORTO ALEGRE - AVALIAÇÃO FORMATIVA;MUNICIPAL;ENSINO FUNDAMENTAL DE 9 ANOS - 2º ANO;LP;RIO GRANDE DO SUL;PORTO ALEGRE;PORTO ALEGRE;EMEF JOSE MARIANO BECK; 21192411500000987;21;23;22;96;82;9%;18%;73%;80;83;88;77;74;75;68;93;84
PROVA PORTO ALEGRE - AVALIAÇÃO FORMATIVA;MUNICIPAL;ENSINO FUNDAMENTAL DE 9 ANOS - 2º ANO;LP;RIO GRANDE DO SUL;PORTO ALEGRE;PORTO ALEGRE;EMEF JOSE MARIANO BECK; 21192411500000988;22;21;15;71;71;0%;53%;47%;57;84;82;29;67;73;83;97;90
PROVA PORTO ALEGRE - AVALIAÇÃO FORMATIVA;MUNICIPAL;ENSINO FUNDAMENTAL DE 9 ANOS - 2º ANO;LP;RIO GRANDE DO SUL;PORTO ALEGRE;PORTO ALEGRE;EMEF JOSE MARIANO BECK; 21192411500000989;23;21;15;71;20;73%;27%;0%;33;42;38;40;47;30;33;40;32
PROVA PORTO ALEGRE - AVALIAÇÃO FORMATIVA;MUNICIPAL;ENSINO FUNDAMENTAL DE 9 ANOS - 2º ANO;LP;RIO GRANDE DO SUL;PORTO ALEGRE;PORTO ALEGRE;EMEF JEAN PIAGET; 21192411500001014;21;27;21;78;55;38%;14%;48%;48;73;60;67;70;57;55;53;62
PROVA PORTO ALEGRE - AVALIAÇÃO FORMATIVA;MUNICIPAL;ENSINO FUNDAMENTAL DE 9 ANOS - 2º ANO;LP;RIO GRANDE DO SUL;PORTO ALEGRE;PORTO ALEGRE;EMEF JEAN PIAGET; 21192411500001015;22;26;13;50;49;38%;46%;15%;38;72;64;87;69;35;15;73;46
PROVA PORTO ALEGRE - AVALIAÇÃO FORMATIVA;MUNICIPAL;ENSINO FUNDAMENTAL DE 9 ANOS - 2º ANO;LP;RIO GRANDE DO SUL;PORTO ALEGRE;PORTO ALEGRE;EMEF JEAN PIAGET; 21192411500001016;23;24;20;83;54;40%;20%;40%;40;72;72;70;70;55;30;30;78
PROVA PORTO ALEGRE - AVALIAÇÃO FORMATIVA;MUNICIPAL;ENSINO FUNDAMENTAL DE 9 ANOS - 2º ANO;LP;RIO GRANDE DO SUL;PORTO ALEGRE;PORTO ALEGRE;EMEF VER ANTONIO GIUDICE; 21192411500001044;21;21;14;67;75;14%;29%;57%;93;86;82;74;62;69;75;79;73
PROVA PORTO ALEGRE - AVALIAÇÃO FORMATIVA;MUNICIPAL;ENSINO FUNDAMENTAL DE 9 ANOS - 2º ANO;LP;RIO GRANDE DO SUL;PORTO ALEGRE;PORTO ALEGRE;EMEF VER ANTONIO GIUDICE; 21192411500001045;22;23;16;70;14;81%;13%;6%;23;40;29;26;46;33;27;45;35
PROVA PORTO ALEGRE - AVALIAÇÃO FORMATIVA;MUNICIPAL;ENSINO FUNDAMENTAL DE 9 ANOS - 2º ANO;LP;RIO GRANDE DO SUL;PORTO ALEGRE;PORTO ALEGRE;EMEF VER ANTONIO GIUDICE; 21192411500001046;23;23;18;78;82;11%;11%;78%;72;94;83;72;87;82;76;83;78
PROVA PORTO ALEGRE - AVALIAÇÃO FORMATIVA;MUNICIPAL;ENSINO FUNDAMENTAL DE 9 ANOS - 2º ANO;LP;RIO GRANDE DO SUL;PORTO ALEGRE;PORTO ALEGRE;EMEF PROF ANISIO TEIXEIRA; 21192411500001073;21;17;14;82;72;14%;29%;57%;62;71;86;86;86;58;62;39;71
PROVA PORTO ALEGRE - AVALIAÇÃO FORMATIVA;MUNICIPAL;ENSINO FUNDAMENTAL DE 9 ANOS - 2º ANO;LP;RIO GRANDE DO SUL;PORTO ALEGRE;PORTO ALEGRE;EMEF PROF ANISIO TEIXEIRA; 21192411500001074;22;26;21;81;61;29%;33%;38%;57;63;84;68;79;53;53;60;60
PROVA PORTO ALEGRE - AVALIAÇÃO FORMATIVA;MUNICIPAL;ENSINO FUNDAMENTAL DE 9 ANOS - 2º ANO;LP;RIO GRANDE DO SUL;PORTO ALEGRE;PORTO ALEGRE;EMEF PROF ANISIO TEIXEIRA; 21192411500001075;23;18;15;83;66;13%;40%;47%;80;73;58;47;78;70;70;70;83
PROVA PORTO ALEGRE - AVALIAÇÃO FORMATIVA;MUNICIPAL;ENSINO FUNDAMENTAL DE 9 ANOS - 2º ANO;LP;RIO GRANDE DO SUL;PORTO ALEGRE;PORTO ALEGRE;EMEF CAMPOS DO CRISTAL; 21192411500001107;21;25;21;84;78;19%;10%;71%;71;81;83;79;87;55;69;74;83
PROVA PORTO ALEGRE - AVALIAÇÃO FORMATIVA;MUNICIPAL;ENSINO FUNDAMENTAL DE 9 ANOS - 2º ANO;LP;RIO GRANDE DO SUL;PORTO ALEGRE;PORTO ALEGRE;EMEF CAMPOS DO CRISTAL; 21192411500001108;22;25;22;88;42;50%;18%;32%;33;39;56;68;65;55;40;55;64
PROVA PORTO ALEGRE - AVALIAÇÃO FORMATIVA;MUNICIPAL;ENSINO FUNDAMENTAL DE 9 ANOS - 2º ANO;LP;RIO GRANDE DO SUL;PORTO ALEGRE;PORTO ALEGRE;EMEF WENCESLAU FONTOURA; 21192411500001127;21;25;17;68;45;53%;12%;35%;54;75;78;75;67;42;42;56;75
PROVA PORTO ALEGRE - AVALIAÇÃO FORMATIVA;MUNICIPAL;ENSINO FUNDAMENTAL DE 9 ANOS - 2º ANO;LP;RIO GRANDE DO SUL;PORTO ALEGRE;PORTO ALEGRE;EMEF WENCESLAU FONTOURA; 21192411500001128;22;25;21;84;57;24%;43%;33%;68;86;48;33;78;70;52;63;65
PROVA PORTO ALEGRE - AVALIAÇÃO FORMATIVA;MUNICIPAL;ENSINO FUNDAMENTAL DE 9 ANOS - 2º ANO;LP;RIO GRANDE DO SUL;PORTO ALEGRE;PORTO ALEGRE;EMEF WENCESLAU FONTOURA; 21192411500001129;23;29;25;86;54;32%;36%;32%;43;76;84;72;71;38;45;43;56
PROVA PORTO ALEGRE - AVALIAÇÃO FORMATIVA;MUNICIPAL;ENSINO FUNDAMENTAL DE 9 ANOS - 2º ANO;LP;RIO GRANDE DO SUL;PORTO ALEGRE;PORTO ALEGRE;EMEF WENCESLAU FONTOURA; 21192411500001130;24;27;19;70;58;32%;21%;47%;63;81;60;37;77;71;45;71;72
PROVA PORTO ALEGRE - AVALIAÇÃO FORMATIVA;MUNICIPAL;ENSINO FUNDAMENTAL DE 9 ANOS - 2º ANO;LP;RIO GRANDE DO SUL;PORTO ALEGRE;PORTO ALEGRE;EMEF VILA MONTE CRISTO; 21192411500001158;21;21;14;67;46;50%;14%;36%;35;48;81;69;67;46;42;58;46
PROVA PORTO ALEGRE - AVALIAÇÃO FORMATIVA;MUNICIPAL;ENSINO FUNDAMENTAL DE 9 ANOS - 2º ANO;LP;RIO GRANDE DO SUL;PORTO ALEGRE;PORTO ALEGRE;EMEF VILA MONTE CRISTO; 21192411500001159;22;19;18;95;53;28%;39%;33%;61;59;54;43;69;58;61;69;83
PROVA PORTO ALEGRE - AVALIAÇÃO FORMATIVA;MUNICIPAL;ENSINO FUNDAMENTAL DE 9 ANOS - 2º ANO;LP;RIO GRANDE DO SUL;PORTO ALEGRE;PORTO ALEGRE;EMEF VILA MONTE CRISTO; 21192411500001160;23;24;19;79;76;5%;37%;58%;47;88;96;86;77;50;58;53;79
PROVA PORTO ALEGRE - AVALIAÇÃO FORMATIVA;MUNICIPAL;ENSINO FUNDAMENTAL DE 9 ANOS - 2º ANO;LP;RIO GRANDE DO SUL;PORTO ALEGRE;PORTO ALEGRE;EMEF VILA MONTE CRISTO; 21192411500001161;24;23;17;74;47;41%;29%;29%;59;57;69;67;65;43;59;47;56
PROVA PORTO ALEGRE - AVALIAÇÃO FORMATIVA;MUNICIPAL;ENSINO FUNDAMENTAL DE 9 ANOS - 2º ANO;LP;RIO GRANDE DO SUL;PORTO ALEGRE;PORTO ALEGRE;EMEF MIGRANTES; 21192411500001191;21;21;19;90;62;16%;42%;42%;55;44;77;74;77;42;63;71;87
PROVA PORTO ALEGRE - AVALIAÇÃO FORMATIVA;MUNICIPAL;ENSINO FUNDAMENTAL DE 9 ANOS - 2º ANO;LP;RIO GRANDE DO SUL;PORTO ALEGRE;PORTO ALEGRE;EMEF MORRO DA CRUZ; 21192411500001204;21;24;20;83;38;45%;45%;10%;58;63;45;35;72;55;33;61;60
PROVA PORTO ALEGRE - AVALIAÇÃO FORMATIVA;MUNICIPAL;ENSINO FUNDAMENTAL DE 9 ANOS - 2º ANO;LP;RIO GRANDE DO SUL;PORTO ALEGRE;PORTO ALEGRE;EMEF MORRO DA CRUZ; 21192411500001205;22;20;17;85;38;41%;59%;0%;21;78;47;43;61;71;26;50;71
PROVA PORTO ALEGRE - AVALIAÇÃO FORMATIVA;MUNICIPAL;ENSINO FUNDAMENTAL DE 9 ANOS - 2º ANO;LP;RIO GRANDE DO SUL;PORTO ALEGRE;PORTO ALEGRE;EMEF MORRO DA CRUZ; 21192411500001206;23;24;20;83;52;25%;60%;15%;61;75;58;33;65;71;29;65;90
PROVA PORTO ALEGRE - AVALIAÇÃO FORMATIVA;MUNICIPAL;ENSINO FUNDAMENTAL DE 9 ANOS - 2º ANO;LP;RIO GRANDE DO SUL;PORTO ALEGRE;PORTO ALEGRE;EMEF MORRO DA CRUZ; 21192411500001207;24;26;20;77;50;40%;20%;40%;65;63;61;56;57;58;53;62;67
PROVA PORTO ALEGRE - AVALIAÇÃO FORMATIVA;MUNICIPAL;ENSINO FUNDAMENTAL DE 9 ANOS - 2º ANO;LP;RIO GRANDE DO SUL;PORTO ALEGRE;PORTO ALEGRE;EMEF NEUSA GOULART BRIZOLA; 21192411500001234;21;21;18;86;67;17%;28%;56%;68;72;75;61;67;62;76;74;88
PROVA PORTO ALEGRE - AVALIAÇÃO FORMATIVA;MUNICIPAL;ENSINO FUNDAMENTAL DE 9 ANOS - 2º ANO;LP;RIO GRANDE DO SUL;PORTO ALEGRE;PORTO ALEGRE;EMEF NEUSA GOULART BRIZOLA; 21192411500001235;22;22;18;82;51;39%;28%;33%;64;67;61;61;63;41;71;44;71
PROVA PORTO ALEGRE - AVALIAÇÃO FORMATIVA;MUNICIPAL;ENSINO FUNDAMENTAL DE 9 ANOS - 2º ANO;LP;RIO GRANDE DO SUL;PORTO ALEGRE;PORTO ALEGRE;EMEF CHICO MENDES; 21192411500001253;21;22;14;64;86;7%;14%;79%;61;93;93;74;76;65;89;86;86
PROVA PORTO ALEGRE - AVALIAÇÃO FORMATIVA;MUNICIPAL;ENSINO FUNDAMENTAL DE 9 ANOS - 2º ANO;LP;RIO GRANDE DO SUL;PORTO ALEGRE;PORTO ALEGRE;EMEF CHICO MENDES; 21192411500001254;22;20;16;80;44;38%;38%;25%;25;81;50;54;60;53;38;64;63
PROVA PORTO ALEGRE - AVALIAÇÃO FORMATIVA;MUNICIPAL;ENSINO FUNDAMENTAL DE 9 ANOS - 2º ANO;LP;RIO GRANDE DO SUL;PORTO ALEGRE;PORTO ALEGRE;EMEF CHICO MENDES; 21192411500001255;23;27;17;63;87;0%;24%;76%;79;98;88;82;78;72;88;76;88
PROVA PORTO ALEGRE - AVALIAÇÃO FORMATIVA;MUNICIPAL;ENSINO FUNDAMENTAL DE 9 ANOS - 2º ANO;LP;RIO GRANDE DO SUL;PORTO ALEGRE;PORTO ALEGRE;EMEF CHICO MENDES; 21192411500001256;24;21;15;71;33;67%;13%;20%;13;44;42;47;73;27;46;47;70
PROVA PORTO ALEGRE - AVALIAÇÃO FORMATIVA;MUNICIPAL;ENSINO FUNDAMENTAL DE 9 ANOS - 2º ANO;LP;RIO GRANDE DO SUL;PORTO ALEGRE;PORTO ALEGRE;EMEF MARIO QUINTANA; 21192411500001289;21;25;23;92;57;22%;39%;39%;59;62;72;57;72;46;50;67;76
PROVA PORTO ALEGRE - AVALIAÇÃO FORMATIVA;MUNICIPAL;ENSINO FUNDAMENTAL DE 9 ANOS - 2º ANO;LP;RIO GRANDE DO SUL;PORTO ALEGRE;PORTO ALEGRE;EMEF MARIO QUINTANA; 21192411500001290;22;24;23;96;41;52%;26%;22%;48;48;58;64;61;30;30;55;64
PROVA PORTO ALEGRE - AVALIAÇÃO FORMATIVA;MUNICIPAL;ENSINO FUNDAMENTAL DE 9 ANOS - 2º ANO;LP;RIO GRANDE DO SUL;PORTO ALEGRE;PORTO ALEGRE;EMEF CHAPEU DO SOL; 21192411500001310;21;24;15;63;47;53%;13%;33%;82;81;53;52;69;29;58;58;73
PROVA PORTO ALEGRE - AVALIAÇÃO FORMATIVA;MUNICIPAL;ENSINO FUNDAMENTAL DE 9 ANOS - 2º ANO;LP;RIO GRANDE DO SUL;PORTO ALEGRE;PORTO ALEGRE;EMEF CHAPEU DO SOL; 21192411500001311;22;24;22;92;67;27%;18%;55%;68;70;70;71;77;59;68;74;76
PROVA PORTO ALEGRE - AVALIAÇÃO FORMATIVA;MUNICIPAL;ENSINO FUNDAMENTAL DE 9 ANOS - 2º ANO;LP;RIO GRANDE DO SUL;PORTO ALEGRE;PORTO ALEGRE;EMEF CHAPEU DO SOL; 21192411500001312;23;26;18;69;32;61%;28%;11%;56;48;56;50;56;28;47;38;44
PROVA PORTO ALEGRE - AVALIAÇÃO FORMATIVA;MUNICIPAL;ENSINO FUNDAMENTAL DE 9 ANOS - 2º ANO;LP;RIO GRANDE DO SUL;PORTO ALEGRE;PORTO ALEGRE;EMEF CHAPEU DO SOL; 21192411500001313;24;24;19;79;75;16%;21%;63%;68;86;84;79;77;55;55;68;79
PROVA PORTO ALEGRE - AVALIAÇÃO FORMATIVA;MUNICIPAL;ENSINO FUNDAMENTAL DE 9 ANOS - 2º ANO;LP;RIO GRANDE DO SUL;PORTO ALEGRE;PORTO ALEGRE;EMEF TIMBAUVA; 21192411500001347;21;20;17;85;65;24%;29%;47%;58;80;57;49;55;91;88;85;82
PROVA PORTO ALEGRE - AVALIAÇÃO FORMATIVA;MUNICIPAL;ENSINO FUNDAMENTAL DE 9 ANOS - 2º ANO;LP;RIO GRANDE DO SUL;PORTO ALEGRE;PORTO ALEGRE;EMEF TIMBAUVA; 21192411500001348;22;21;17;81;67;29%;12%;59%;85;86;51;41;86;79;76;75;70
PROVA PORTO ALEGRE - AVALIAÇÃO FORMATIVA;MUNICIPAL;ENSINO FUNDAMENTAL DE 9 ANOS - 2º ANO;LP;RIO GRANDE DO SUL;PORTO ALEGRE;PORTO ALEGRE;EMEF TIMBAUVA; 21192411500001349;23;19;13;68;88;8%;8%;85%;81;100;56;49;90;75;96;92;92
PROVA PORTO ALEGRE - AVALIAÇÃO FORMATIVA;MUNICIPAL;ENSINO FUNDAMENTAL DE 9 ANOS - 2º ANO;LP;RIO GRANDE DO SUL;PORTO ALEGRE;PORTO ALEGRE;6002 EEF ALDEIA LUMIAR; 21192411500001374;21 - F1A;7;6;86;63;33%;17%;50%;83;61;72;78;67;50;58;75;67
PROVA PORTO ALEGRE - AVALIAÇÃO FORMATIVA;MUNICIPAL;ENSINO FUNDAMENTAL DE 9 ANOS - 2º ANO;LP;RIO GRANDE DO SUL;PORTO ALEGRE;PORTO ALEGRE;6002 EEF ALDEIA LUMIAR; 21192411500001375;21 - F1B;6;5;83;62;40%;20%;40%;70;53;87;80;60;60;40;70;70
PROVA PORTO ALEGRE - AVALIAÇÃO FORMATIVA;MUNICIPAL;ENSINO FUNDAMENTAL DE 9 ANOS - 2º ANO;LP;RIO GRANDE DO SUL;PORTO ALEGRE;PORTO ALEGRE;6002 EEF ALDEIA LUMIAR; 21192411500001376;21 - F1C;9;6;67;70;0%;50%;50%;42;89;50;89;67;67;58;92;83
PROVA PORTO ALEGRE - AVALIAÇÃO FORMATIVA;MUNICIPAL;ENSINO FUNDAMENTAL DE 9 ANOS - 2º ANO;LP;RIO GRANDE DO SUL;PORTO ALEGRE;PORTO ALEGRE;EMEF NOSSA SENHORA DO CARMO; 21192411500001394;21;24;21;88;99;0%;0%;100%;88;100;97;94;83;95;98;98;98
PROVA PORTO ALEGRE - AVALIAÇÃO FORMATIVA;MUNICIPAL;ENSINO FUNDAMENTAL DE 9 ANOS - 2º ANO;LP;RIO GRANDE DO SUL;PORTO ALEGRE;PORTO ALEGRE;EMEF NOSSA SENHORA DO CARMO; 21192411500001395;22;23;23;100;70;17%;30%;52%;80;90;74;72;64;67;61;64;76
PROVA PORTO ALEGRE - AVALIAÇÃO FORMATIVA;MUNICIPAL;ENSINO FUNDAMENTAL DE 9 ANOS - 2º ANO;LP;RIO GRANDE DO SUL;PORTO ALEGRE;PORTO ALEGRE;EMEF NOSSA SENHORA DO CARMO; 21192411500001396;23;22;17;77;67;6%;47%;47%;44;67;76;76;75;65;62;44;76
PROVA PORTO ALEGRE - AVALIAÇÃO FORMATIVA;MUNICIPAL;ENSINO FUNDAMENTAL DE 9 ANOS - 2º ANO;LP;RIO GRANDE DO SUL;PORTO ALEGRE;PORTO ALEGRE;EMEF JOAO CARLOS D AVILA PAIXAO CORTES (LACADOR); 21192411500001421;21;25;22;88;95;0%;9%;91%;80;86;91;97;86;77;73;82;98
PROVA PORTO ALEGRE - AVALIAÇÃO FORMATIVA;MUNICIPAL;ENSINO FUNDAMENTAL DE 9 ANOS - 2º ANO;LP;RIO GRANDE DO SUL;PORTO ALEGRE;PORTO ALEGRE;EMEF RINCAO; 21192411500001426;21;23;20;87;83;10%;10%;80%;83;77;88;77;78;73;70;78;95
PROVA PORTO ALEGRE - AVALIAÇÃO FORMATIVA;MUNICIPAL;ENSINO FUNDAMENTAL DE 9 ANOS - 2º ANO;LP;RIO GRANDE DO SUL;PORTO ALEGRE;PORTO ALEGRE;EMEF RINCAO; 21192411500001427;22;25;24;96;78;13%;21%;67%;77;92;79;78;74;52;71;65;92
PROVA PORTO ALEGRE - AVALIAÇÃO FORMATIVA;MUNICIPAL;ENSINO FUNDAMENTAL DE 9 ANOS - 2º ANO;LP;RIO GRANDE DO SUL;PORTO ALEGRE;PORTO ALEGRE;EMEF MORADAS DA HIPICA; 21192411500001446;21;25;18;72;68;22%;28%;50%;62;76;72;74;72;69;65;74;75
PROVA PORTO ALEGRE - AVALIAÇÃO FORMATIVA;MUNICIPAL;ENSINO FUNDAMENTAL DE 9 ANOS - 2º ANO;LP;RIO GRANDE DO SUL;PORTO ALEGRE;PORTO ALEGRE;EMEF MORADAS DA HIPICA; 21192411500001447;22;25;21;84;57;38%;19%;43%;38;65;71;57;73;52;52;57;81
PROVA PORTO ALEGRE - AVALIAÇÃO FORMATIVA;MUNICIPAL;ENSINO FUNDAMENTAL DE 9 ANOS - 2º ANO;LP;RIO GRANDE DO SUL;PORTO ALEGRE;PORTO ALEGRE;EMEF MORADAS DA HIPICA; 21192411500001448;23;24;24;100;76;13%;17%;71%;79;83;76;79;69;56;69;71;81
PROVA PORTO ALEGRE - AVALIAÇÃO FORMATIVA;MUNICIPAL;ENSINO FUNDAMENTAL DE 9 ANOS - 2º ANO;LP;RIO GRANDE DO SUL;PORTO ALEGRE;PORTO ALEGRE;EMEF MORADAS DA HIPICA; 21192411500001449;24;25;16;64;86;0%;13%;88%;78;88;75;81;71;75;81;81;88