id_escola,codigo_inep,nome_canonico,assessora_vinculo_administrativo,assessora_gerencial_2025,assessora_gerencial_2026,pertence_universo_avaliativo_2025,pertence_universo_avaliativo_2026,recebe_assessoramento_2025,recebe_assessoramento_2026,incluir_indice_carga_2025,incluir_indice_carga_2026,grupo_administrativo_2024_final,matriculas_anos_iniciais,turmas_anos_iniciais,docentes_anos_iniciais,alunos_por_turma_anos_iniciais,pct_matriculas_anos_iniciais_integral,pct_matriculas_educacao_especial,indice_infraestrutura_basica,possui_alerta_composicao
ESC_056,43189768,EEF ALDEIA LUMIAR,Sem vinculação informada,,,SIM,SIM,NAO,NAO,FALSE,FALSE,Filantrópica supervisionada,109,0,0,,100,6.598984771573604,80,TRUE
ESC_001,43105416,EEF PEQUENA CASA DA CRIANCA,outras,,,SIM,SIM,NAO,NAO,FALSE,FALSE,Privada conveniada ou supervisionada,245,14,11,17.5,18.367346938775512,6.128133704735376,70,TRUE
ESC_002,43105505,EMEB DR LIBERATO SALZANO VIEIRA DA CUNHA,clarissa,,clarissa,SIM,SIM,NAO,SIM,FALSE,TRUE,Rede municipal direta em 2024,465,21,33,22.142857142857142,0.21505376344086025,7.790262172284645,100,TRUE
ESC_003,43105440,EMEF AFONSO GUERREIRO LIMA,graziela,,graziela,SIM,SIM,NAO,SIM,FALSE,TRUE,Rede municipal direta em 2024,517,22,27,23.5,15.667311411992262,7.41901776384535,90,TRUE
ESC_004,43105459,EMEF AMERICA,nathalia,,nathalia,SIM,SIM,NAO,SIM,FALSE,TRUE,Rede municipal direta em 2024,261,10,18,26.1,0.3831417624521073,7.205240174672489,100,TRUE
ESC_005,43105467,EMEF ARAMY SILVA,priscila,,priscila,SIM,SIM,NAO,SIM,FALSE,TRUE,Rede municipal direta em 2024,422,20,27,21.1,0,11.951219512195122,100,TRUE
ESC_006,43173713,EMEF CAMPOS DO CRISTAL,andreia,,andreia,SIM,SIM,NAO,SIM,FALSE,TRUE,Rede municipal direta em 2024,255,10,16,25.5,34.90196078431372,12.266112266112266,100,TRUE
ESC_007,43187560,EMEF CHAPEU DO SOL,ruti,,ruti,SIM,SIM,NAO,SIM,FALSE,TRUE,Rede municipal direta em 2024,542,22,26,24.636363636363637,28.59778597785978,8.558558558558559,100,TRUE
ESC_008,43177581,EMEF CHICO MENDES,eliane,,eliane,SIM,SIM,NAO,SIM,FALSE,TRUE,Rede municipal direta em 2024,541,22,29,24.59090909090909,13.67837338262477,9.099181073703368,100,TRUE
ESC_009,43105475,EMEF DECIO MARTINS COSTA,nathalia,,nathalia,SIM,SIM,NAO,SIM,FALSE,TRUE,Rede municipal direta em 2024,511,21,35,24.333333333333332,9.001956947162427,6.335797254487856,100,TRUE
ESC_010,43109128,EMEF DEP MARCIRIO GOULART LOUREIRO,marian,,marian,SIM,SIM,NAO,SIM,FALSE,TRUE,Rede municipal direta em 2024,495,19,27,26.05263157894737,0.202020202020202,7.142857142857143,100,TRUE
ESC_011,43109225,EMEF DEP VICTOR ISSLER,clarissa,,clarissa,SIM,SIM,NAO,SIM,FALSE,TRUE,Rede municipal direta em 2024,581,23,37,25.26086956521739,1.8932874354561104,7.331136738056013,100,FALSE
ESC_012,43105483,EMEF DOLORES ALCARAZ CALDAS,jalize,,jalize,SIM,SIM,NAO,SIM,FALSE,TRUE,Rede municipal direta em 2024,677,27,31,25.074074074074073,20.236336779911372,6.896551724137931,90,TRUE
ESC_013,43106331,EMEF ESPIRITO SANTO,priscila,,priscila,NAO,SIM,NAO,SIM,FALSE,TRUE,Rede estadual em 2024,54,4,5,13.5,0,0,60,FALSE
ESC_014,43106382,EMEF EVARISTO GONCALVES NETTO,jalize,,jalize,NAO,SIM,NAO,SIM,FALSE,TRUE,Rede estadual em 2024,100,5,7,20,0,1,70,FALSE
ESC_015,43109233,EMEF GABRIEL OBINO,amanda,,amanda,SIM,SIM,NAO,SIM,FALSE,TRUE,Rede municipal direta em 2024,255,13,22,19.615384615384617,0,5.743243243243243,100,TRUE
ESC_016,43107508,EMEF GOV ILDO MENEGHETTI,clarissa,,clarissa,SIM,SIM,NAO,SIM,FALSE,TRUE,Rede municipal direta em 2024,585,24,28,24.375,8.376068376068377,8.389830508474576,90,TRUE
ESC_017,43108571,EMEF GRANDE ORIENTE DO RGS,andreia,,andreia,SIM,SIM,NAO,SIM,FALSE,TRUE,Rede municipal direta em 2024,470,20,25,23.5,24.46808510638298,7.762096774193548,80,TRUE
ESC_018,43105548,EMEF HEITOR VILLA LOBOS,jalize,,jalize,SIM,SIM,NAO,SIM,FALSE,TRUE,Rede municipal direta em 2024,501,19,24,26.36842105263158,5.788423153692615,7.265388496468214,100,TRUE
ESC_019,43172474,EMEF JEAN PIAGET,clarissa,,clarissa,SIM,SIM,NAO,SIM,FALSE,TRUE,Rede municipal direta em 2024,379,16,26,23.6875,0,8.375634517766498,100,TRUE
ESC_020,43109217,EMEF JOAO ANTONIO SATTE,eliane,,eliane,SIM,SIM,NAO,SIM,FALSE,TRUE,Rede municipal direta em 2024,417,20,31,20.85,0,7.159353348729792,90,TRUE
ESC_021,43219543,EMEF JOAO CARLOS DAVILA PAIXAO CORTES - LACADOR,julia,,julia,SIM,SIM,NAO,SIM,FALSE,TRUE,Rede municipal direta em 2024,70,4,11,17.5,0,9.090909090909092,80,TRUE
ESC_022,43105491,EMEF JOSE LOUREIRO DA SILVA,jalize,,jalize,SIM,SIM,NAO,SIM,FALSE,TRUE,Rede municipal direta em 2024,477,21,26,22.714285714285715,30.39832285115304,9.821428571428571,100,TRUE
ESC_023,43169490,EMEF JOSE MARIANO BECK,nathalia,,nathalia,SIM,SIM,NAO,SIM,FALSE,TRUE,Rede municipal direta em 2024,329,15,24,21.933333333333337,0,6.185567010309279,100,TRUE
ESC_024,43109209,EMEF LAURO RODRIGUES,clarissa,,clarissa,SIM,SIM,NAO,SIM,FALSE,TRUE,Rede municipal direta em 2024,339,15,27,22.6,20.64896755162242,7.451564828614009,90,TRUE
ESC_025,43109063,EMEF LEOCADIA FELIZARDO PRESTES,graziela,,graziela,SIM,SIM,NAO,SIM,FALSE,TRUE,Rede municipal direta em 2024,247,11,21,22.454545454545453,10.121457489878544,7.889908256880734,100,TRUE
ESC_026,43109144,EMEF LIDOVINO FANTON,julia,,julia,SIM,SIM,NAO,SIM,FALSE,TRUE,Rede municipal direta em 2024,563,23,35,24.47826086956522,14.209591474245116,6.009852216748769,80,TRUE
ESC_027,43183018,EMEF MARIO QUINTANA,ruti,,ruti,SIM,SIM,NAO,SIM,FALSE,TRUE,Rede municipal direta em 2024,233,10,20,23.3,100,7.960199004975125,70,TRUE
ESC_028,43177018,EMEF MIGRANTES,nathalia,,nathalia,SIM,SIM,NAO,SIM,FALSE,TRUE,Rede municipal direta em 2024,80,5,10,16,0,7.975460122699387,90,TRUE
ESC_029,43293069,EMEF MORADAS DA HIPICA,amanda,,amanda,SIM,SIM,NAO,SIM,FALSE,TRUE,Rede municipal direta em 2024,488,19,20,25.68421052631579,9.221311475409836,7.818930041152264,80,TRUE
ESC_030,43177034,EMEF MORRO DA CRUZ,andreia,,andreia,SIM,SIM,NAO,SIM,FALSE,TRUE,Rede municipal direta em 2024,538,21,27,25.61904761904762,10.037174721189592,6.2438057482656095,100,TRUE
ESC_031,43177042,EMEF NEUSA GOULART BRIZOLA,julia,,julia,SIM,SIM,NAO,SIM,FALSE,TRUE,Rede municipal direta em 2024,218,10,31,21.8,100,14.698162729658792,100,TRUE
ESC_032,43105513,EMEF NOSSA SENHORA DE FATIMA,amanda,,amanda,SIM,SIM,NAO,SIM,FALSE,TRUE,Rede municipal direta em 2024,377,16,24,23.5625,0,6.575342465753424,100,TRUE
ESC_033,43204643,EMEF NOSSA SENHORA DO CARMO,amanda,,amanda,SIM,SIM,NAO,SIM,FALSE,TRUE,Rede municipal direta em 2024,408,16,22,25.5,38.23529411764706,7.363420427553444,90,TRUE
ESC_034,43105521,EMEF PEPITA DE LEAO,nathalia,,nathalia,SIM,SIM,NAO,SIM,FALSE,TRUE,Rede municipal direta em 2024,255,12,19,21.25,18.823529411764707,13.174946004319654,100,TRUE
ESC_035,43048200,EMEF PORTO NOVO,marian,,marian,SIM,SIM,NAO,SIM,FALSE,TRUE,Rede municipal direta em 2024,237,10,33,23.7,100,12.368972746331236,100,TRUE
ESC_036,43108563,EMEF PRES JOAO BELCHIOR MARQUES GOULART,marian,,marian,SIM,SIM,NAO,SIM,FALSE,TRUE,Rede municipal direta em 2024,358,18,23,19.88888888888889,4.4692737430167595,9.74124809741248,100,TRUE
ESC_037,43105530,EMEF PRESIDENTE VARGAS,eliane,,eliane,SIM,SIM,NAO,SIM,FALSE,TRUE,Rede municipal direta em 2024,239,11,18,21.727272727272727,43.93305439330544,11.009174311926603,80,TRUE
ESC_038,43109195,EMEF PROF ANA IRIS DO AMARAL,eliane,,eliane,SIM,SIM,NAO,SIM,FALSE,TRUE,Rede municipal direta em 2024,224,10,21,22.4,100,11.442786069651742,70,TRUE
ESC_039,43172490,EMEF PROF ANISIO TEIXEIRA,andreia,,andreia,SIM,SIM,NAO,SIM,FALSE,TRUE,Rede municipal direta em 2024,471,19,27,24.789473684210527,11.46496815286624,10.571428571428571,100,TRUE
ESC_040,43109071,EMEF PROF GILBERTO JORGE GONCALVES DA SILVA,ruti,,ruti,SIM,SIM,NAO,SIM,FALSE,TRUE,Rede municipal direta em 2024,109,5,19,21.8,100,18.867924528301888,80,TRUE
ESC_041,43109055,EMEF PROF JUDITH MACEDO DE ARAUJO,graziela,,graziela,SIM,SIM,NAO,SIM,FALSE,TRUE,Rede municipal direta em 2024,367,14,19,26.214285714285715,14.168937329700272,6.004901960784314,100,TRUE
ESC_042,43109098,EMEF PROF LARRY JOSE RIBEIRO ALVES,amanda,,amanda,SIM,SIM,NAO,SIM,FALSE,TRUE,Rede municipal direta em 2024,420,16,22,26.25,21.19047619047619,6.1946902654867255,100,TRUE
ESC_043,43293050,EMEF RINCAO,jalize,,jalize,SIM,SIM,NAO,SIM,FALSE,TRUE,Rede municipal direta em 2024,270,10,17,27,0,10.061601642710473,80,FALSE
ESC_044,43167179,EMEF SAINT HILAIRE,andreia,,andreia,SIM,SIM,NAO,SIM,FALSE,TRUE,Rede municipal direta em 2024,494,22,30,22.454545454545453,5.668016194331984,12.261306532663315,90,TRUE
ESC_045,43167535,EMEF SAO PEDRO,marian,,marian,SIM,SIM,NAO,SIM,FALSE,TRUE,Rede municipal direta em 2024,477,22,31,21.681818181818183,5.031446540880503,6.70611439842209,100,TRUE
ESC_046,43107842,EMEF SEN ALBERTO PASQUALINI,julia,,julia,SIM,SIM,NAO,SIM,FALSE,TRUE,Rede municipal direta em 2024,535,21,32,25.47619047619047,17.94392523364486,9.370314842578711,90,TRUE
ESC_047,43189253,EMEF TIMBAUVA,nathalia,,nathalia,SIM,SIM,NAO,SIM,FALSE,TRUE,Rede municipal direta em 2024,353,15,22,23.533333333333335,30.878186968838527,9.295774647887324,80,TRUE
ESC_048,43172482,EMEF VER ANTONIO GIUDICE,clarissa,,clarissa,SIM,SIM,NAO,SIM,FALSE,TRUE,Rede municipal direta em 2024,404,18,27,22.444444444444443,0,9.766022380467955,100,TRUE
ESC_049,43109080,EMEF VER CARLOS PESSOA DE BRUM,priscila,,priscila,SIM,SIM,NAO,SIM,FALSE,TRUE,Rede municipal direta em 2024,574,22,25,26.09090909090909,36.23693379790941,6.63265306122449,90,TRUE
ESC_050,43109101,EMEF VER MARTIM ARANHA,priscila,,priscila,SIM,SIM,NAO,SIM,FALSE,TRUE,Rede municipal direta em 2024,333,15,20,22.2,21.62162162162162,10.66481994459834,90,TRUE
ESC_051,43175120,EMEF VILA MONTE CRISTO,graziela,,graziela,SIM,SIM,NAO,SIM,FALSE,TRUE,Rede municipal direta em 2024,454,20,29,22.7,6.387665198237886,11.580882352941176,70,TRUE
ESC_052,43173721,EMEF WENCESLAU FONTOURA,eliane,,eliane,SIM,SIM,NAO,SIM,FALSE,TRUE,Rede municipal direta em 2024,446,17,25,26.235294117647054,34.75336322869955,9.976525821596244,90,TRUE
ESC_053,43105246,EMEM EMILIO MEYER,ruti,,ruti,SIM,SIM,NAO,SIM,FALSE,TRUE,Rede municipal direta em 2024,377,18,27,20.944444444444443,0.7957559681697612,9.70873786407767,90,TRUE
ESC_054,43106668,ESC EST ENS FUN PROFESSORA LEOPOLDA BARNEWITZ,julia,,julia,SIM,SIM,NAO,SIM,FALSE,TRUE,"Estadual em 2024, municipalizada posteriormente",154,8,17,19.25,100,5.194805194805195,60,TRUE
ESC_055,43105300,ESCOLA DE ENSINO FUNDAMENTAL MADRE RAFFO,outras,,,SIM,SIM,NAO,NAO,FALSE,FALSE,Privada conveniada ou supervisionada,159,8,13,19.875,0,4.406779661016949,80,TRUE
