id_escola,codigo_inep,nome_canonico,tipo_ficha,incluida_analise_operacional,motivo_nao_inclusao,nota_institucional,assessora_gerencial_2026,assessora_vinculo_administrativo,divergencia_vinculo_gerencial,elegivel_assessoramento_2026,recebe_assessoramento_2026,incluir_indice_carga_2026,status_carga_operacional_2026,grupo_exposicao_2026,grupo_administrativo_2024_final,tipo_vinculo_rede_final,status_rede_2025_final,observacao_administrativa_final,municipalizada_apos_2024,escola_nova_recente,matriculas_anos_iniciais,turmas_anos_iniciais,docentes_anos_iniciais,alunos_por_turma_anos_iniciais,alunos_por_docente_anos_iniciais,pct_matriculas_educacao_especial,pct_matriculas_anos_iniciais_integral,pct_matriculas_transporte_publico,indice_infraestrutura_basica,numero_etapas_amplas_ofertadas,score_dimensao_volume,score_dimensao_estrutural,score_dimensao_administrativa,contribuicao_volume,contribuicao_estrutural,contribuicao_administrativa,indice_carga_potencial_operacional,cobertura_indice_operacional,interpretacao_cautelosa,resultados_educacionais_no_indice,previstos_total_2025,avaliados_total_2025,participacao_2025,proficiencia_2025,previstos_total_2026,avaliados_total_2026,participacao_2026,proficiencia_2026,series_alerta_composicao,html_nome,grafico_operacional_nome,grafico_participacao_nome,grafico_proficiencia_nome
ESC_001,43105416,EEF PEQUENA CASA DA CRIANCA,INSTITUCIONAL_NAO_OPERACIONAL,FALSE,Não elegível ao universo operacional homologado; fora da carga de assessoramento.,"Escola preservada no universo institucional de 56 escolas, mas excluída das carteiras operacionais.",,outras,TRUE,FALSE,FALSE,FALSE,ZERO_OU_TENDENTE_A_ZERO,NAO_EXPOSTA_INELEGIVEL,Privada conveniada ou supervisionada,privada_conveniada_sob_supervisao_municipal,fora_da_rede_municipal_direta,Instituição privada conveniada ou supervisionada,FALSE,FALSE,245,14,11,17.5,22.272727272727273,6.128133704735376,18.367346938775512,0,70,2,,,,,,,,,,,258,194,75.1937984496124,59.402061855670105,268,237,88.43283582089552,43.641350210970465,4,ESC_001_eef-pequena-casa-da-crianca.html,,ESC_001_eef-pequena-casa-da-crianca_participacao.png,ESC_001_eef-pequena-casa-da-crianca_proficiencia.png
ESC_002,43105505,EMEB DR LIBERATO SALZANO VIEIRA DA CUNHA,OPERACIONAL,TRUE,,Escola incluída no universo operacional de 2026.,clarissa,clarissa,FALSE,TRUE,TRUE,TRUE,ATIVA,ASSESSORADA,Rede municipal direta em 2024,rede_municipal_direta_ou_nao_classificada,rede_municipal_direta,Rede municipal direta em 2024,FALSE,FALSE,465,21,33,22.142857142857142,14.090909090909092,7.790262172284645,0.21505376344086025,1.198501872659176,100,4,69.71153846153845,32.11538461538461,0,27.884615384615383,11.240384615384613,0,39.125,1,FALSE,FALSE,456,363,79.60526315789474,55.17355371900826,445,384,86.29213483146067,48.888020833333336,2,ESC_002_emeb-dr-liberato-salzano-vieira-da-cunha.html,ESC_002_emeb-dr-liberato-salzano-vieira-da-cunha_dimensoes_operacionais.png,ESC_002_emeb-dr-liberato-salzano-vieira-da-cunha_participacao.png,ESC_002_emeb-dr-liberato-salzano-vieira-da-cunha_proficiencia.png
ESC_003,43105440,EMEF AFONSO GUERREIRO LIMA,OPERACIONAL,TRUE,,Escola incluída no universo operacional de 2026.,graziela,graziela,FALSE,TRUE,TRUE,TRUE,ATIVA,ASSESSORADA,Rede municipal direta em 2024,rede_municipal_direta_ou_nao_classificada,rede_municipal_direta,Rede municipal direta em 2024,FALSE,FALSE,517,22,27,23.5,19.14814814814815,7.41901776384535,15.667311411992262,5.851619644723093,90,4,83.89423076923077,59.42307692307692,0,33.557692307692314,20.79807692307692,0,54.35576923076923,1,FALSE,FALSE,517,413,79.88394584139265,61.32203389830509,520,443,85.1923076923077,51.35214446952596,2,ESC_003_emef-afonso-guerreiro-lima.html,ESC_003_emef-afonso-guerreiro-lima_dimensoes_operacionais.png,ESC_003_emef-afonso-guerreiro-lima_participacao.png,ESC_003_emef-afonso-guerreiro-lima_proficiencia.png
ESC_004,43105459,EMEF AMERICA,OPERACIONAL,TRUE,,Escola incluída no universo operacional de 2026.,nathalia,nathalia,FALSE,TRUE,TRUE,TRUE,ATIVA,ASSESSORADA,Rede municipal direta em 2024,rede_municipal_direta_ou_nao_classificada,rede_municipal_direta,Rede municipal direta em 2024,FALSE,FALSE,261,10,18,26.1,14.5,7.205240174672489,0.3831417624521073,0,100,2,23.221153846153843,40.09615384615385,0,9.288461538461538,14.033653846153845,0,23.322115384615383,1,FALSE,FALSE,263,215,81.74904942965779,54.49302325581395,229,204,89.08296943231441,51.85294117647059,2,ESC_004_emef-america.html,ESC_004_emef-america_dimensoes_operacionais.png,ESC_004_emef-america_participacao.png,ESC_004_emef-america_proficiencia.png
ESC_005,43105467,EMEF ARAMY SILVA,OPERACIONAL,TRUE,,Escola incluída no universo operacional de 2026.,priscila,priscila,FALSE,TRUE,TRUE,TRUE,ATIVA,ASSESSORADA,Rede municipal direta em 2024,rede_municipal_direta_ou_nao_classificada,rede_municipal_direta,Rede municipal direta em 2024,FALSE,FALSE,422,20,27,21.1,15.62962962962963,11.951219512195122,0,1.0975609756097562,100,3,57.74038461538461,38.75,0,23.096153846153847,13.5625,0,36.65865384615385,1,FALSE,FALSE,440,343,77.95454545454545,64.8862973760933,413,363,87.89346246973366,50.680440771349865,3,ESC_005_emef-aramy-silva.html,ESC_005_emef-aramy-silva_dimensoes_operacionais.png,ESC_005_emef-aramy-silva_participacao.png,ESC_005_emef-aramy-silva_proficiencia.png
ESC_006,43173713,EMEF CAMPOS DO CRISTAL,OPERACIONAL,TRUE,,Escola incluída no universo operacional de 2026.,andreia,andreia,FALSE,TRUE,TRUE,TRUE,ATIVA,ASSESSORADA,Rede municipal direta em 2024,rede_municipal_direta_ou_nao_classificada,rede_municipal_direta,Rede municipal direta em 2024,FALSE,FALSE,255,10,16,25.5,15.9375,12.266112266112266,34.90196078431372,1.0395010395010396,100,3,25.384615384615383,60.48076923076923,0,10.153846153846153,21.16826923076923,0,31.322115384615383,1,FALSE,FALSE,250,220,88,64.02272727272727,230,220,95.65217391304348,64.47272727272727,2,ESC_006_emef-campos-do-cristal.html,ESC_006_emef-campos-do-cristal_dimensoes_operacionais.png,ESC_006_emef-campos-do-cristal_participacao.png,ESC_006_emef-campos-do-cristal_proficiencia.png
ESC_007,43187560,EMEF CHAPEU DO SOL,OPERACIONAL,TRUE,,Escola incluída no universo operacional de 2026.,ruti,ruti,FALSE,TRUE,TRUE,TRUE,ATIVA,ASSESSORADA,Rede municipal direta em 2024,rede_municipal_direta_ou_nao_classificada,rede_municipal_direta,Rede municipal direta em 2024,FALSE,FALSE,542,22,26,24.636363636363637,20.846153846153847,8.558558558558559,28.59778597785978,3.4234234234234235,100,4,88.50961538461539,56.82692307692308,0,35.40384615384615,19.889423076923077,0,55.293269230769226,1,FALSE,FALSE,584,436,74.65753424657534,48.642201834862384,542,479,88.37638376383764,40.07724425887265,5,ESC_007_emef-chapeu-do-sol.html,ESC_007_emef-chapeu-do-sol_dimensoes_operacionais.png,ESC_007_emef-chapeu-do-sol_participacao.png,ESC_007_emef-chapeu-do-sol_proficiencia.png
ESC_008,43177581,EMEF CHICO MENDES,OPERACIONAL,TRUE,,Escola incluída no universo operacional de 2026.,eliane,eliane,FALSE,TRUE,TRUE,TRUE,ATIVA,ASSESSORADA,Rede municipal direta em 2024,rede_municipal_direta_ou_nao_classificada,rede_municipal_direta,Rede municipal direta em 2024,FALSE,FALSE,541,22,29,24.59090909090909,18.655172413793103,9.099181073703368,13.67837338262477,1.1828935395814375,100,3,81.00961538461539,52.5,0,32.40384615384615,18.375,0,50.77884615384615,1,FALSE,FALSE,520,373,71.73076923076923,56.45040214477212,509,439,86.2475442043222,42.250569476082006,5,ESC_008_emef-chico-mendes.html,ESC_008_emef-chico-mendes_dimensoes_operacionais.png,ESC_008_emef-chico-mendes_participacao.png,ESC_008_emef-chico-mendes_proficiencia.png
ESC_009,43105475,EMEF DECIO MARTINS COSTA,OPERACIONAL,TRUE,,Escola incluída no universo operacional de 2026.,nathalia,nathalia,FALSE,TRUE,TRUE,TRUE,ATIVA,ASSESSORADA,Rede municipal direta em 2024,rede_municipal_direta_ou_nao_classificada,rede_municipal_direta,Rede municipal direta em 2024,FALSE,FALSE,511,21,35,24.333333333333332,14.6,6.335797254487856,9.001956947162427,1.0559662090813091,100,3,73.75,35.48076923076923,0,29.5,12.418269230769232,0,41.91826923076923,1,FALSE,FALSE,542,436,80.44280442804428,56.694954128440365,503,448,89.06560636182903,47.763392857142854,1,ESC_009_emef-decio-martins-costa.html,ESC_009_emef-decio-martins-costa_dimensoes_operacionais.png,ESC_009_emef-decio-martins-costa_participacao.png,ESC_009_emef-decio-martins-costa_proficiencia.png
ESC_010,43109128,EMEF DEP MARCIRIO GOULART LOUREIRO,OPERACIONAL,TRUE,,Escola incluída no universo operacional de 2026.,marian,marian,FALSE,TRUE,TRUE,TRUE,ATIVA,ASSESSORADA,Rede municipal direta em 2024,rede_municipal_direta_ou_nao_classificada,rede_municipal_direta,Rede municipal direta em 2024,FALSE,FALSE,495,19,27,26.05263157894737,18.333333333333332,7.142857142857143,0.202020202020202,0.5175983436853002,100,3,67.35576923076923,44.61538461538461,0,26.942307692307693,15.615384615384613,0,42.55769230769231,1,FALSE,FALSE,537,375,69.83240223463687,37.23733333333333,504,428,84.92063492063492,38.91822429906542,4,ESC_010_emef-dep-marcirio-goulart-loureiro.html,ESC_010_emef-dep-marcirio-goulart-loureiro_dimensoes_operacionais.png,ESC_010_emef-dep-marcirio-goulart-loureiro_participacao.png,ESC_010_emef-dep-marcirio-goulart-loureiro_proficiencia.png
ESC_011,43109225,EMEF DEP VICTOR ISSLER,OPERACIONAL,TRUE,,Escola incluída no universo operacional de 2026.,clarissa,clarissa,FALSE,TRUE,TRUE,TRUE,ATIVA,ASSESSORADA,Rede municipal direta em 2024,rede_municipal_direta_ou_nao_classificada,rede_municipal_direta,Rede municipal direta em 2024,FALSE,FALSE,581,23,37,25.26086956521739,15.702702702702704,7.331136738056013,1.8932874354561104,0.4942339373970346,100,3,87.54807692307692,41.34615384615385,0,35.01923076923077,14.471153846153845,0,49.49038461538461,1,FALSE,FALSE,634,537,84.70031545741325,60.46182495344507,636,566,88.99371069182389,53.1113074204947,0,ESC_011_emef-dep-victor-issler.html,ESC_011_emef-dep-victor-issler_dimensoes_operacionais.png,ESC_011_emef-dep-victor-issler_participacao.png,ESC_011_emef-dep-victor-issler_proficiencia.png
ESC_012,43105483,EMEF DOLORES ALCARAZ CALDAS,OPERACIONAL,TRUE,,Escola incluída no universo operacional de 2026.,jalize,jalize,FALSE,TRUE,TRUE,TRUE,ATIVA,ASSESSORADA,Rede municipal direta em 2024,rede_municipal_direta_ou_nao_classificada,rede_municipal_direta,Rede municipal direta em 2024,FALSE,FALSE,677,27,31,25.074074074074073,21.838709677419356,6.896551724137931,20.236336779911372,3.8314176245210727,90,4,97.40384615384616,62.78846153846154,0,38.96153846153847,21.975961538461537,0,60.9375,1,FALSE,FALSE,689,524,76.0522496371553,52.479007633587784,743,634,85.32974427994617,48.25709779179811,3,ESC_012_emef-dolores-alcaraz-caldas.html,ESC_012_emef-dolores-alcaraz-caldas_dimensoes_operacionais.png,ESC_012_emef-dolores-alcaraz-caldas_participacao.png,ESC_012_emef-dolores-alcaraz-caldas_proficiencia.png
ESC_013,43106331,EMEF ESPIRITO SANTO,OPERACIONAL,TRUE,,Escola incluída no universo operacional de 2026.,priscila,priscila,FALSE,TRUE,TRUE,TRUE,ATIVA,ASSESSORADA,Rede estadual em 2024,rede_municipal_direta_ou_nao_classificada,vinculo_estadual_em_2025_a_confirmar,Escola estadual no Censo 2024; municipalização posterior a confirmar,FALSE,FALSE,54,4,5,13.5,10.8,0,0,0,60,1,0.5288461538461539,33.26923076923077,80,0.21153846153846156,11.644230769230768,20,31.85576923076923,1,FALSE,FALSE,,,,,88,74,84.0909090909091,42.71621621621622,0,ESC_013_emef-espirito-santo.html,ESC_013_emef-espirito-santo_dimensoes_operacionais.png,ESC_013_emef-espirito-santo_participacao.png,ESC_013_emef-espirito-santo_proficiencia.png
ESC_014,43106382,EMEF EVARISTO GONCALVES NETTO,OPERACIONAL,TRUE,,Escola incluída no universo operacional de 2026.,jalize,jalize,FALSE,TRUE,TRUE,TRUE,ATIVA,ASSESSORADA,Rede estadual em 2024,rede_municipal_direta_ou_nao_classificada,vinculo_estadual_em_2025_a_confirmar,Escola estadual no Censo 2024; municipalização posterior a confirmar,FALSE,FALSE,100,5,7,20,14.285714285714286,1,0,0,70,1,5.192307692307692,37.40384615384615,80,2.0769230769230766,13.091346153846153,20,35.168269230769226,1,FALSE,FALSE,,,,,139,102,73.38129496402878,26.205882352941178,0,ESC_014_emef-evaristo-goncalves-netto.html,ESC_014_emef-evaristo-goncalves-netto_dimensoes_operacionais.png,ESC_014_emef-evaristo-goncalves-netto_participacao.png,ESC_014_emef-evaristo-goncalves-netto_proficiencia.png
ESC_015,43109233,EMEF GABRIEL OBINO,OPERACIONAL,TRUE,,Escola incluída no universo operacional de 2026.,amanda,amanda,FALSE,TRUE,TRUE,TRUE,ATIVA,ASSESSORADA,Rede municipal direta em 2024,rede_municipal_direta_ou_nao_classificada,rede_municipal_direta,Rede municipal direta em 2024,FALSE,FALSE,255,13,22,19.615384615384617,11.590909090909092,5.743243243243243,0,3.2094594594594597,100,4,35.09615384615385,16.25,0,14.03846153846154,5.6875,0,19.72596153846154,1,FALSE,FALSE,275,214,77.81818181818181,56.598130841121495,264,214,81.06060606060606,44.49065420560748,4,ESC_015_emef-gabriel-obino.html,ESC_015_emef-gabriel-obino_dimensoes_operacionais.png,ESC_015_emef-gabriel-obino_participacao.png,ESC_015_emef-gabriel-obino_proficiencia.png
ESC_016,43107508,EMEF GOV ILDO MENEGHETTI,OPERACIONAL,TRUE,,Escola incluída no universo operacional de 2026.,clarissa,clarissa,FALSE,TRUE,TRUE,TRUE,ATIVA,ASSESSORADA,Rede municipal direta em 2024,rede_municipal_direta_ou_nao_classificada,rede_municipal_direta,Rede municipal direta em 2024,FALSE,FALSE,585,24,28,24.375,20.892857142857142,8.389830508474576,8.376068376068377,0.2542372881355932,90,4,95.76923076923077,61.82692307692307,0,38.307692307692314,21.639423076923073,0,59.94711538461539,1,FALSE,FALSE,581,456,78.48537005163512,52.0328947368421,596,493,82.71812080536913,47.38336713995943,1,ESC_016_emef-gov-ildo-meneghetti.html,ESC_016_emef-gov-ildo-meneghetti_dimensoes_operacionais.png,ESC_016_emef-gov-ildo-meneghetti_participacao.png,ESC_016_emef-gov-ildo-meneghetti_proficiencia.png
ESC_017,43108571,EMEF GRANDE ORIENTE DO RGS,OPERACIONAL,TRUE,,Escola incluída no universo operacional de 2026.,andreia,andreia,FALSE,TRUE,TRUE,TRUE,ATIVA,ASSESSORADA,Rede municipal direta em 2024,rede_municipal_direta_ou_nao_classificada,rede_municipal_direta,Rede municipal direta em 2024,FALSE,FALSE,470,20,25,23.5,18.8,7.762096774193548,24.46808510638298,0.907258064516129,80,4,68.70192307692308,64.42307692307692,0,27.480769230769234,22.54807692307692,0,50.02884615384615,1,FALSE,FALSE,496,340,68.54838709677419,49.8235294117647,481,384,79.83367983367984,38.5546875,3,ESC_017_emef-grande-oriente-do-rgs.html,ESC_017_emef-grande-oriente-do-rgs_dimensoes_operacionais.png,ESC_017_emef-grande-oriente-do-rgs_participacao.png,ESC_017_emef-grande-oriente-do-rgs_proficiencia.png
ESC_018,43105548,EMEF HEITOR VILLA LOBOS,OPERACIONAL,TRUE,,Escola incluída no universo operacional de 2026.,jalize,jalize,FALSE,TRUE,TRUE,TRUE,ATIVA,ASSESSORADA,Rede municipal direta em 2024,rede_municipal_direta_ou_nao_classificada,rede_municipal_direta,Rede municipal direta em 2024,FALSE,FALSE,501,19,24,26.36842105263158,20.875,7.265388496468214,5.788423153692615,11.301715438950556,100,3,68.50961538461537,55.86538461538461,0,27.40384615384615,19.552884615384613,0,46.95673076923076,1,FALSE,FALSE,485,385,79.38144329896907,53.140259740259744,461,413,89.587852494577,38.79903147699758,3,ESC_018_emef-heitor-villa-lobos.html,ESC_018_emef-heitor-villa-lobos_dimensoes_operacionais.png,ESC_018_emef-heitor-villa-lobos_participacao.png,ESC_018_emef-heitor-villa-lobos_proficiencia.png
ESC_019,43172474,EMEF JEAN PIAGET,OPERACIONAL,TRUE,,Escola incluída no universo operacional de 2026.,clarissa,clarissa,FALSE,TRUE,TRUE,TRUE,ATIVA,ASSESSORADA,Rede municipal direta em 2024,rede_municipal_direta_ou_nao_classificada,rede_municipal_direta,Rede municipal direta em 2024,FALSE,FALSE,379,16,26,23.6875,14.576923076923077,8.375634517766498,0,1.1421319796954317,100,4,52.54807692307692,38.55769230769231,0,21.01923076923077,13.495192307692307,0,34.51442307692308,1,FALSE,FALSE,397,304,76.57430730478589,67.01315789473684,405,349,86.17283950617283,54.63896848137536,4,ESC_019_emef-jean-piaget.html,ESC_019_emef-jean-piaget_dimensoes_operacionais.png,ESC_019_emef-jean-piaget_participacao.png,ESC_019_emef-jean-piaget_proficiencia.png
ESC_020,43109217,EMEF JOAO ANTONIO SATTE,OPERACIONAL,TRUE,,Escola incluída no universo operacional de 2026.,eliane,eliane,FALSE,TRUE,TRUE,TRUE,ATIVA,ASSESSORADA,Rede municipal direta em 2024,rede_municipal_direta_ou_nao_classificada,rede_municipal_direta,Rede municipal direta em 2024,FALSE,FALSE,417,20,31,20.85,13.451612903225806,7.159353348729792,0,4.041570438799076,90,3,55.43269230769231,35.86538461538461,0,22.173076923076923,12.552884615384613,0,34.72596153846153,1,FALSE,FALSE,421,309,73.39667458432304,67.23624595469256,409,343,83.86308068459658,55.067055393586,5,ESC_020_emef-joao-antonio-satte.html,ESC_020_emef-joao-antonio-satte_dimensoes_operacionais.png,ESC_020_emef-joao-antonio-satte_participacao.png,ESC_020_emef-joao-antonio-satte_proficiencia.png
ESC_021,43219543,EMEF JOAO CARLOS DAVILA PAIXAO CORTES - LACADOR,OPERACIONAL,TRUE,,Escola incluída no universo operacional de 2026.,julia,julia,FALSE,TRUE,TRUE,TRUE,ATIVA,ASSESSORADA,Rede municipal direta em 2024,rede_municipal_direta,rede_municipal_direta,"Escola municipal inaugurada para o ano letivo de 2024, instalada em prédio anteriormente utilizado pela extinta Escola Estadual Dr. João Batista de Lacerda. Desde a inauguração integra a rede municipal direta. Opera em turno integral, com ensino bilíngue em inglês e modelo cívico-militar com monitoria da Brigada Militar. A condição de escola nova refere-se à inauguração em 2024, não à ausência ou ao funcionamento incerto no contexto pré-programa.",FALSE,TRUE,70,4,11,17.5,6.363636363636363,9.090909090909092,0,0,80,2,2.9807692307692304,39.03846153846153,55,1.1923076923076923,13.663461538461537,13.75,28.60576923076923,1,FALSE,FALSE,90,72,80,83.01388888888889,131,121,92.36641221374046,66.66115702479338,3,ESC_021_emef-joao-carlos-davila-paixao-cortes-lacador.html,ESC_021_emef-joao-carlos-davila-paixao-cortes-lacador_dimensoes_operacionais.png,ESC_021_emef-joao-carlos-davila-paixao-cortes-lacador_participacao.png,ESC_021_emef-joao-carlos-davila-paixao-cortes-lacador_proficiencia.png
ESC_022,43105491,EMEF JOSE LOUREIRO DA SILVA,OPERACIONAL,TRUE,,Escola incluída no universo operacional de 2026.,jalize,jalize,FALSE,TRUE,TRUE,TRUE,ATIVA,ASSESSORADA,Rede municipal direta em 2024,rede_municipal_direta_ou_nao_classificada,rede_municipal_direta,Rede municipal direta em 2024,FALSE,FALSE,477,21,26,22.714285714285715,18.346153846153847,9.821428571428571,30.39832285115304,2.380952380952381,100,4,73.75,52.69230769230769,0,29.5,18.44230769230769,0,47.94230769230769,1,FALSE,FALSE,457,304,66.52078774617068,60.411184210526315,431,320,74.24593967517401,46.796875,2,ESC_022_emef-jose-loureiro-da-silva.html,ESC_022_emef-jose-loureiro-da-silva_dimensoes_operacionais.png,ESC_022_emef-jose-loureiro-da-silva_participacao.png,ESC_022_emef-jose-loureiro-da-silva_proficiencia.png
ESC_023,43169490,EMEF JOSE MARIANO BECK,OPERACIONAL,TRUE,,Escola incluída no universo operacional de 2026.,nathalia,nathalia,FALSE,TRUE,TRUE,TRUE,ATIVA,ASSESSORADA,Rede municipal direta em 2024,rede_municipal_direta_ou_nao_classificada,rede_municipal_direta,Rede municipal direta em 2024,FALSE,FALSE,329,15,24,21.933333333333337,13.708333333333334,6.185567010309279,0,0,100,4,41.394230769230774,21.153846153846153,0,16.55769230769231,7.403846153846153,0,23.961538461538463,1,FALSE,FALSE,318,229,72.0125786163522,51.799126637554586,334,284,85.02994011976048,37.16197183098591,2,ESC_023_emef-jose-mariano-beck.html,ESC_023_emef-jose-mariano-beck_dimensoes_operacionais.png,ESC_023_emef-jose-mariano-beck_participacao.png,ESC_023_emef-jose-mariano-beck_proficiencia.png
ESC_024,43109209,EMEF LAURO RODRIGUES,OPERACIONAL,TRUE,,Escola incluída no universo operacional de 2026.,clarissa,clarissa,FALSE,TRUE,TRUE,TRUE,ATIVA,ASSESSORADA,Rede municipal direta em 2024,rede_municipal_direta_ou_nao_classificada,rede_municipal_direta,Rede municipal direta em 2024,FALSE,FALSE,339,15,27,22.6,12.555555555555555,7.451564828614009,20.64896755162242,3.5767511177347244,90,3,37.35576923076923,48.55769230769231,0,14.942307692307693,16.995192307692307,0,31.9375,1,FALSE,FALSE,374,318,85.02673796791444,65.5125786163522,367,333,90.73569482288828,62.933933933933936,3,ESC_024_emef-lauro-rodrigues.html,ESC_024_emef-lauro-rodrigues_dimensoes_operacionais.png,ESC_024_emef-lauro-rodrigues_participacao.png,ESC_024_emef-lauro-rodrigues_proficiencia.png
ESC_025,43109063,EMEF LEOCADIA FELIZARDO PRESTES,OPERACIONAL,TRUE,,Escola incluída no universo operacional de 2026.,graziela,graziela,FALSE,TRUE,TRUE,TRUE,ATIVA,ASSESSORADA,Rede municipal direta em 2024,rede_municipal_direta_ou_nao_classificada,rede_municipal_direta,Rede municipal direta em 2024,FALSE,FALSE,247,11,21,22.454545454545453,11.761904761904765,7.889908256880734,10.121457489878544,0,100,4,31.58653846153846,33.07692307692307,0,12.634615384615385,11.576923076923075,0,24.21153846153846,1,FALSE,FALSE,296,215,72.63513513513513,56.30232558139535,258,220,85.27131782945736,48.38636363636363,4,ESC_025_emef-leocadia-felizardo-prestes.html,ESC_025_emef-leocadia-felizardo-prestes_dimensoes_operacionais.png,ESC_025_emef-leocadia-felizardo-prestes_participacao.png,ESC_025_emef-leocadia-felizardo-prestes_proficiencia.png
ESC_026,43109144,EMEF LIDOVINO FANTON,OPERACIONAL,TRUE,,Escola incluída no universo operacional de 2026.,julia,julia,FALSE,TRUE,TRUE,TRUE,ATIVA,ASSESSORADA,Rede municipal direta em 2024,rede_municipal_direta_ou_nao_classificada,rede_municipal_direta,Rede municipal direta em 2024,FALSE,FALSE,563,23,35,24.47826086956522,16.085714285714285,6.009852216748769,14.209591474245116,0.7881773399014779,80,4,91.58653846153845,56.25,0,36.63461538461538,19.6875,0,56.32211538461538,1,FALSE,FALSE,578,442,76.47058823529412,38.28054298642534,535,390,72.89719626168224,40.7,1,ESC_026_emef-lidovino-fanton.html,ESC_026_emef-lidovino-fanton_dimensoes_operacionais.png,ESC_026_emef-lidovino-fanton_participacao.png,ESC_026_emef-lidovino-fanton_proficiencia.png
ESC_027,43183018,EMEF MARIO QUINTANA,OPERACIONAL,TRUE,,Escola incluída no universo operacional de 2026.,ruti,ruti,FALSE,TRUE,TRUE,TRUE,ATIVA,ASSESSORADA,Rede municipal direta em 2024,rede_municipal_direta_ou_nao_classificada,rede_municipal_direta,Rede municipal direta em 2024,FALSE,FALSE,233,10,20,23.3,11.65,7.960199004975125,100,6.218905472636816,70,2,15.144230769230768,64.27884615384616,0,6.0576923076923075,22.497596153846153,0,28.55528846153846,1,FALSE,FALSE,245,205,83.6734693877551,46.609756097560975,233,199,85.4077253218884,35.60301507537689,2,ESC_027_emef-mario-quintana.html,ESC_027_emef-mario-quintana_dimensoes_operacionais.png,ESC_027_emef-mario-quintana_participacao.png,ESC_027_emef-mario-quintana_proficiencia.png
ESC_028,43177018,EMEF MIGRANTES,OPERACIONAL,TRUE,,Escola incluída no universo operacional de 2026.,nathalia,nathalia,FALSE,TRUE,TRUE,TRUE,ATIVA,ASSESSORADA,Rede municipal direta em 2024,rede_municipal_direta_ou_nao_classificada,rede_municipal_direta,Rede municipal direta em 2024,FALSE,FALSE,80,5,10,16,8,7.975460122699387,0,0,90,3,9.807692307692307,31.923076923076923,0,3.923076923076923,11.173076923076923,0,15.096153846153847,1,FALSE,FALSE,87,74,85.05747126436782,58.567567567567565,86,70,81.3953488372093,49.5,4,ESC_028_emef-migrantes.html,ESC_028_emef-migrantes_dimensoes_operacionais.png,ESC_028_emef-migrantes_participacao.png,ESC_028_emef-migrantes_proficiencia.png
ESC_029,43293069,EMEF MORADAS DA HIPICA,OPERACIONAL,TRUE,,Escola incluída no universo operacional de 2026.,amanda,amanda,FALSE,TRUE,TRUE,TRUE,ATIVA,ASSESSORADA,Rede municipal direta em 2024,rede_municipal_direta_ou_nao_classificada,rede_municipal_direta,Rede municipal direta em 2024,FALSE,FALSE,488,19,20,25.68421052631579,24.4,7.818930041152264,9.221311475409836,3.4979423868312756,80,3,65.04807692307692,73.75,0,26.01923076923077,25.8125,0,51.831730769230774,1,FALSE,FALSE,478,406,84.93723849372385,73.75369458128078,478,436,91.2133891213389,73.88073394495413,4,ESC_029_emef-moradas-da-hipica.html,ESC_029_emef-moradas-da-hipica_dimensoes_operacionais.png,ESC_029_emef-moradas-da-hipica_participacao.png,ESC_029_emef-moradas-da-hipica_proficiencia.png
ESC_030,43177034,EMEF MORRO DA CRUZ,OPERACIONAL,TRUE,,Escola incluída no universo operacional de 2026.,andreia,andreia,FALSE,TRUE,TRUE,TRUE,ATIVA,ASSESSORADA,Rede municipal direta em 2024,rede_municipal_direta_ou_nao_classificada,rede_municipal_direta,Rede municipal direta em 2024,FALSE,FALSE,538,21,27,25.61904761904762,19.925925925925927,6.2438057482656095,10.037174721189592,1.189296333002973,100,3,77.21153846153845,47.30769230769231,0,30.884615384615383,16.557692307692307,0,47.44230769230769,1,FALSE,FALSE,499,397,79.55911823647294,40.53400503778337,470,368,78.29787234042553,40.35054347826087,1,ESC_030_emef-morro-da-cruz.html,ESC_030_emef-morro-da-cruz_dimensoes_operacionais.png,ESC_030_emef-morro-da-cruz_participacao.png,ESC_030_emef-morro-da-cruz_proficiencia.png
ESC_031,43177042,EMEF NEUSA GOULART BRIZOLA,OPERACIONAL,TRUE,,Escola incluída no universo operacional de 2026.,julia,julia,FALSE,TRUE,TRUE,TRUE,ATIVA,ASSESSORADA,Rede municipal direta em 2024,rede_municipal_direta_ou_nao_classificada,rede_municipal_direta,Rede municipal direta em 2024,FALSE,FALSE,218,10,31,21.8,7.032258064516129,14.698162729658792,100,3.1496062992125986,100,3,17.307692307692307,45,0,6.923076923076923,15.749999999999998,0,22.67307692307692,1,FALSE,FALSE,216,164,75.92592592592592,58.926829268292686,241,209,86.72199170124482,62.880382775119614,3,ESC_031_emef-neusa-goulart-brizola.html,ESC_031_emef-neusa-goulart-brizola_dimensoes_operacionais.png,ESC_031_emef-neusa-goulart-brizola_participacao.png,ESC_031_emef-neusa-goulart-brizola_proficiencia.png
ESC_032,43105513,EMEF NOSSA SENHORA DE FATIMA,OPERACIONAL,TRUE,,Escola incluída no universo operacional de 2026.,amanda,amanda,FALSE,TRUE,TRUE,TRUE,ATIVA,ASSESSORADA,Rede municipal direta em 2024,rede_municipal_direta_ou_nao_classificada,rede_municipal_direta,Rede municipal direta em 2024,FALSE,FALSE,377,16,24,23.5625,15.708333333333334,6.575342465753424,0,0,100,4,50.81730769230769,31.826923076923073,0,20.32692307692308,11.139423076923075,0,31.466346153846153,1,FALSE,FALSE,387,300,77.51937984496124,50.63333333333333,372,296,79.56989247311827,43.84121621621622,3,ESC_032_emef-nossa-senhora-de-fatima.html,ESC_032_emef-nossa-senhora-de-fatima_dimensoes_operacionais.png,ESC_032_emef-nossa-senhora-de-fatima_participacao.png,ESC_032_emef-nossa-senhora-de-fatima_proficiencia.png
ESC_033,43204643,EMEF NOSSA SENHORA DO CARMO,OPERACIONAL,TRUE,,Escola incluída no universo operacional de 2026.,amanda,amanda,FALSE,TRUE,TRUE,TRUE,ATIVA,ASSESSORADA,Rede municipal direta em 2024,rede_municipal_direta_ou_nao_classificada,rede_municipal_direta,Rede municipal direta em 2024,FALSE,FALSE,408,16,22,25.5,18.545454545454547,7.363420427553444,38.23529411764706,7.957244655581948,90,4,54.855769230769226,66.63461538461539,0,21.942307692307693,23.322115384615383,0,45.26442307692308,1,FALSE,FALSE,410,349,85.1219512195122,60.2378223495702,428,370,86.44859813084112,42.74324324324324,2,ESC_033_emef-nossa-senhora-do-carmo.html,ESC_033_emef-nossa-senhora-do-carmo_dimensoes_operacionais.png,ESC_033_emef-nossa-senhora-do-carmo_participacao.png,ESC_033_emef-nossa-senhora-do-carmo_proficiencia.png
ESC_034,43105521,EMEF PEPITA DE LEAO,OPERACIONAL,TRUE,,Escola incluída no universo operacional de 2026.,nathalia,nathalia,FALSE,TRUE,TRUE,TRUE,ATIVA,ASSESSORADA,Rede municipal direta em 2024,rede_municipal_direta_ou_nao_classificada,rede_municipal_direta,Rede municipal direta em 2024,FALSE,FALSE,255,12,19,21.25,13.421052631578949,13.174946004319654,18.823529411764707,3.4557235421166306,100,3,28.26923076923077,43.65384615384615,0,11.307692307692308,15.278846153846153,0,26.58653846153846,1,FALSE,FALSE,293,219,74.74402730375427,62.24657534246575,292,238,81.5068493150685,55.01260504201681,3,ESC_034_emef-pepita-de-leao.html,ESC_034_emef-pepita-de-leao_dimensoes_operacionais.png,ESC_034_emef-pepita-de-leao_participacao.png,ESC_034_emef-pepita-de-leao_proficiencia.png
ESC_035,43048200,EMEF PORTO NOVO,OPERACIONAL,TRUE,,Escola incluída no universo operacional de 2026.,marian,marian,FALSE,TRUE,TRUE,TRUE,ATIVA,ASSESSORADA,Rede municipal direta em 2024,rede_municipal_direta_ou_nao_classificada,rede_municipal_direta,Rede municipal direta em 2024,FALSE,FALSE,237,10,33,23.7,7.181818181818182,12.368972746331236,100,0.4192872117400419,100,3,20.769230769230766,49.61538461538461,0,8.307692307692307,17.365384615384613,0,25.67307692307692,1,FALSE,FALSE,231,183,79.22077922077922,54.87978142076503,223,210,94.17040358744394,50.357142857142854,5,ESC_035_emef-porto-novo.html,ESC_035_emef-porto-novo_dimensoes_operacionais.png,ESC_035_emef-porto-novo_participacao.png,ESC_035_emef-porto-novo_proficiencia.png
ESC_036,43108563,EMEF PRES JOAO BELCHIOR MARQUES GOULART,OPERACIONAL,TRUE,,Escola incluída no universo operacional de 2026.,marian,marian,FALSE,TRUE,TRUE,TRUE,ATIVA,ASSESSORADA,Rede municipal direta em 2024,rede_municipal_direta_ou_nao_classificada,rede_municipal_direta,Rede municipal direta em 2024,FALSE,FALSE,358,18,23,19.88888888888889,15.565217391304348,9.74124809741248,4.4692737430167595,0.60882800608828,100,3,43.75,34.80769230769231,0,17.5,12.182692307692307,0,29.682692307692307,1,FALSE,FALSE,312,216,69.23076923076923,74.85185185185185,339,304,89.6755162241888,49,5,ESC_036_emef-pres-joao-belchior-marques-goulart.html,ESC_036_emef-pres-joao-belchior-marques-goulart_dimensoes_operacionais.png,ESC_036_emef-pres-joao-belchior-marques-goulart_participacao.png,ESC_036_emef-pres-joao-belchior-marques-goulart_proficiencia.png
ESC_037,43105530,EMEF PRESIDENTE VARGAS,OPERACIONAL,TRUE,,Escola incluída no universo operacional de 2026.,eliane,eliane,FALSE,TRUE,TRUE,TRUE,ATIVA,ASSESSORADA,Rede municipal direta em 2024,rede_municipal_direta_ou_nao_classificada,rede_municipal_direta,Rede municipal direta em 2024,FALSE,FALSE,239,11,18,21.727272727272727,13.27777777777778,11.009174311926603,43.93305439330544,3.2110091743119265,80,2,19.615384615384613,61.05769230769231,0,7.846153846153846,21.370192307692307,0,29.216346153846153,1,FALSE,FALSE,247,184,74.49392712550608,59.95652173913044,236,205,86.86440677966101,49.72195121951219,4,ESC_037_emef-presidente-vargas.html,ESC_037_emef-presidente-vargas_dimensoes_operacionais.png,ESC_037_emef-presidente-vargas_participacao.png,ESC_037_emef-presidente-vargas_proficiencia.png
ESC_038,43109195,EMEF PROF ANA IRIS DO AMARAL,OPERACIONAL,TRUE,,Escola incluída no universo operacional de 2026.,eliane,eliane,FALSE,TRUE,TRUE,TRUE,ATIVA,ASSESSORADA,Rede municipal direta em 2024,rede_municipal_direta_ou_nao_classificada,rede_municipal_direta,Rede municipal direta em 2024,FALSE,FALSE,224,10,21,22.4,10.666666666666666,11.442786069651742,100,6.218905472636816,70,3,18.46153846153846,67.64423076923077,0,7.384615384615384,23.67548076923077,0,31.060096153846153,1,FALSE,FALSE,231,194,83.98268398268398,71.24226804123711,216,202,93.51851851851852,69.83663366336634,2,ESC_038_emef-prof-ana-iris-do-amaral.html,ESC_038_emef-prof-ana-iris-do-amaral_dimensoes_operacionais.png,ESC_038_emef-prof-ana-iris-do-amaral_participacao.png,ESC_038_emef-prof-ana-iris-do-amaral_proficiencia.png
ESC_039,43172490,EMEF PROF ANISIO TEIXEIRA,OPERACIONAL,TRUE,,Escola incluída no universo operacional de 2026.,andreia,andreia,FALSE,TRUE,TRUE,TRUE,ATIVA,ASSESSORADA,Rede municipal direta em 2024,rede_municipal_direta_ou_nao_classificada,rede_municipal_direta,Rede municipal direta em 2024,FALSE,FALSE,471,19,27,24.789473684210527,17.444444444444443,10.571428571428571,11.46496815286624,5.714285714285714,100,3,61.58653846153846,57.11538461538461,0,24.634615384615387,19.990384615384613,0,44.625,1,FALSE,FALSE,456,354,77.63157894736842,76,407,366,89.92628992628993,65.24043715846994,5,ESC_039_emef-prof-anisio-teixeira.html,ESC_039_emef-prof-anisio-teixeira_dimensoes_operacionais.png,ESC_039_emef-prof-anisio-teixeira_participacao.png,ESC_039_emef-prof-anisio-teixeira_proficiencia.png
ESC_040,43109071,EMEF PROF GILBERTO JORGE GONCALVES DA SILVA,OPERACIONAL,TRUE,,Escola incluída no universo operacional de 2026.,ruti,ruti,FALSE,TRUE,TRUE,TRUE,ATIVA,ASSESSORADA,Rede municipal direta em 2024,rede_municipal_direta_ou_nao_classificada,rede_municipal_direta,Rede municipal direta em 2024,FALSE,FALSE,109,5,19,21.8,5.7368421052631575,18.867924528301888,100,0,80,3,12.115384615384615,59.71153846153846,0,4.846153846153847,20.89903846153846,0,25.745192307692307,1,FALSE,FALSE,108,74,68.51851851851852,79.63513513513513,106,103,97.16981132075472,57.28155339805825,5,ESC_040_emef-prof-gilberto-jorge-goncalves-da-silva.html,ESC_040_emef-prof-gilberto-jorge-goncalves-da-silva_dimensoes_operacionais.png,ESC_040_emef-prof-gilberto-jorge-goncalves-da-silva_participacao.png,ESC_040_emef-prof-gilberto-jorge-goncalves-da-silva_proficiencia.png
ESC_041,43109055,EMEF PROF JUDITH MACEDO DE ARAUJO,OPERACIONAL,TRUE,,Escola incluída no universo operacional de 2026.,graziela,graziela,FALSE,TRUE,TRUE,TRUE,ATIVA,ASSESSORADA,Rede municipal direta em 2024,rede_municipal_direta_ou_nao_classificada,rede_municipal_direta,Rede municipal direta em 2024,FALSE,FALSE,367,14,19,26.214285714285715,19.31578947368421,6.004901960784314,14.168937329700272,0,100,3,39.61538461538461,46.25,0,15.846153846153847,16.1875,0,32.03365384615385,1,FALSE,FALSE,383,334,87.20626631853786,58.721556886227546,409,355,86.79706601466992,47.6169014084507,2,ESC_041_emef-prof-judith-macedo-de-araujo.html,ESC_041_emef-prof-judith-macedo-de-araujo_dimensoes_operacionais.png,ESC_041_emef-prof-judith-macedo-de-araujo_participacao.png,ESC_041_emef-prof-judith-macedo-de-araujo_proficiencia.png
ESC_042,43109098,EMEF PROF LARRY JOSE RIBEIRO ALVES,OPERACIONAL,TRUE,,Escola incluída no universo operacional de 2026.,amanda,amanda,FALSE,TRUE,TRUE,TRUE,ATIVA,ASSESSORADA,Rede municipal direta em 2024,rede_municipal_direta_ou_nao_classificada,rede_municipal_direta,Rede municipal direta em 2024,FALSE,FALSE,420,16,22,26.25,19.09090909090909,6.1946902654867255,21.19047619047619,4.424778761061947,100,2,46.34615384615385,52.40384615384615,0,18.53846153846154,18.341346153846153,0,36.87980769230769,1,FALSE,FALSE,451,361,80.04434589800444,53.908587257617725,470,396,84.25531914893617,48.33838383838384,1,ESC_042_emef-prof-larry-jose-ribeiro-alves.html,ESC_042_emef-prof-larry-jose-ribeiro-alves_dimensoes_operacionais.png,ESC_042_emef-prof-larry-jose-ribeiro-alves_participacao.png,ESC_042_emef-prof-larry-jose-ribeiro-alves_proficiencia.png
ESC_043,43293050,EMEF RINCAO,OPERACIONAL,TRUE,,Escola incluída no universo operacional de 2026.,jalize,jalize,FALSE,TRUE,TRUE,TRUE,ATIVA,ASSESSORADA,Rede municipal direta em 2024,rede_municipal_direta_ou_nao_classificada,rede_municipal_direta,Rede municipal direta em 2024,FALSE,FALSE,270,10,17,27,15.882352941176473,10.061601642710473,0,16.427104722792606,80,2,24.374999999999996,74.32692307692308,0,9.75,26.014423076923077,0,35.76442307692308,1,FALSE,FALSE,254,216,85.03937007874016,74.78703703703704,252,219,86.9047619047619,57.25114155251141,0,ESC_043_emef-rincao.html,ESC_043_emef-rincao_dimensoes_operacionais.png,ESC_043_emef-rincao_participacao.png,ESC_043_emef-rincao_proficiencia.png
ESC_044,43167179,EMEF SAINT HILAIRE,OPERACIONAL,TRUE,,Escola incluída no universo operacional de 2026.,andreia,andreia,FALSE,TRUE,TRUE,TRUE,ATIVA,ASSESSORADA,Rede municipal direta em 2024,rede_municipal_direta_ou_nao_classificada,rede_municipal_direta,Rede municipal direta em 2024,FALSE,FALSE,494,22,30,22.454545454545453,16.466666666666665,12.261306532663315,5.668016194331984,3.5175879396984926,90,4,79.27884615384616,61.15384615384615,0,31.711538461538467,21.403846153846153,0,53.11538461538462,1,FALSE,FALSE,482,372,77.17842323651452,51.905913978494624,449,380,84.6325167037862,47.86578947368421,3,ESC_044_emef-saint-hilaire.html,ESC_044_emef-saint-hilaire_dimensoes_operacionais.png,ESC_044_emef-saint-hilaire_participacao.png,ESC_044_emef-saint-hilaire_proficiencia.png
ESC_045,43167535,EMEF SAO PEDRO,OPERACIONAL,TRUE,,Escola incluída no universo operacional de 2026.,marian,marian,FALSE,TRUE,TRUE,TRUE,ATIVA,ASSESSORADA,Rede municipal direta em 2024,rede_municipal_direta_ou_nao_classificada,rede_municipal_direta,Rede municipal direta em 2024,FALSE,FALSE,477,22,31,21.681818181818183,15.387096774193548,6.70611439842209,5.031446540880503,5.029585798816568,100,4,76.39423076923077,30.384615384615383,0,30.55769230769231,10.634615384615383,0,41.19230769230769,1,FALSE,FALSE,524,436,83.20610687022901,58.86467889908257,503,419,83.30019880715706,50.67780429594272,3,ESC_045_emef-sao-pedro.html,ESC_045_emef-sao-pedro_dimensoes_operacionais.png,ESC_045_emef-sao-pedro_participacao.png,ESC_045_emef-sao-pedro_proficiencia.png
ESC_046,43107842,EMEF SEN ALBERTO PASQUALINI,OPERACIONAL,TRUE,,Escola incluída no universo operacional de 2026.,julia,julia,FALSE,TRUE,TRUE,TRUE,ATIVA,ASSESSORADA,Rede municipal direta em 2024,rede_municipal_direta_ou_nao_classificada,rede_municipal_direta,Rede municipal direta em 2024,FALSE,FALSE,535,21,32,25.47619047619047,16.71875,9.370314842578711,17.94392523364486,4.72263868065967,90,3,76.0576923076923,67.21153846153847,0,30.423076923076923,23.524038461538463,0,53.94711538461539,1,FALSE,FALSE,507,373,73.57001972386588,59.65951742627346,487,397,81.51950718685832,53.40302267002519,2,ESC_046_emef-sen-alberto-pasqualini.html,ESC_046_emef-sen-alberto-pasqualini_dimensoes_operacionais.png,ESC_046_emef-sen-alberto-pasqualini_participacao.png,ESC_046_emef-sen-alberto-pasqualini_proficiencia.png
ESC_047,43189253,EMEF TIMBAUVA,OPERACIONAL,TRUE,,Escola incluída no universo operacional de 2026.,nathalia,nathalia,FALSE,TRUE,TRUE,TRUE,ATIVA,ASSESSORADA,Rede municipal direta em 2024,rede_municipal_direta_ou_nao_classificada,rede_municipal_direta,Rede municipal direta em 2024,FALSE,FALSE,353,15,22,23.533333333333335,16.045454545454547,9.295774647887324,30.878186968838527,0.14084507042253522,80,3,38.50961538461539,65.86538461538461,0,15.403846153846155,23.052884615384613,0,38.45673076923077,1,FALSE,FALSE,323,241,74.61300309597523,51.41078838174274,325,310,95.38461538461539,63.958064516129035,5,ESC_047_emef-timbauva.html,ESC_047_emef-timbauva_dimensoes_operacionais.png,ESC_047_emef-timbauva_participacao.png,ESC_047_emef-timbauva_proficiencia.png
ESC_048,43172482,EMEF VER ANTONIO GIUDICE,OPERACIONAL,TRUE,,Escola incluída no universo operacional de 2026.,clarissa,clarissa,FALSE,TRUE,TRUE,TRUE,ATIVA,ASSESSORADA,Rede municipal direta em 2024,rede_municipal_direta_ou_nao_classificada,rede_municipal_direta,Rede municipal direta em 2024,FALSE,FALSE,404,18,27,22.444444444444443,14.962962962962964,9.766022380467955,0,12.817904374364192,100,3,49.51923076923077,41.05769230769231,0,19.807692307692307,14.370192307692307,0,34.17788461538461,1,FALSE,FALSE,383,306,79.89556135770235,58.928104575163395,400,358,89.5,63.17877094972067,4,ESC_048_emef-ver-antonio-giudice.html,ESC_048_emef-ver-antonio-giudice_dimensoes_operacionais.png,ESC_048_emef-ver-antonio-giudice_participacao.png,ESC_048_emef-ver-antonio-giudice_proficiencia.png
ESC_049,43109080,EMEF VER CARLOS PESSOA DE BRUM,OPERACIONAL,TRUE,,Escola incluída no universo operacional de 2026.,priscila,priscila,FALSE,TRUE,TRUE,TRUE,ATIVA,ASSESSORADA,Rede municipal direta em 2024,rede_municipal_direta_ou_nao_classificada,rede_municipal_direta,Rede municipal direta em 2024,FALSE,FALSE,574,22,25,26.09090909090909,22.96,6.63265306122449,36.23693379790941,3.061224489795918,90,4,90.81730769230768,66.34615384615384,0,36.32692307692307,23.221153846153843,0,59.54807692307692,1,FALSE,FALSE,602,435,72.25913621262458,50.04597701149425,623,484,77.68860353130016,36.75,4,ESC_049_emef-ver-carlos-pessoa-de-brum.html,ESC_049_emef-ver-carlos-pessoa-de-brum_dimensoes_operacionais.png,ESC_049_emef-ver-carlos-pessoa-de-brum_participacao.png,ESC_049_emef-ver-carlos-pessoa-de-brum_proficiencia.png
ESC_050,43109101,EMEF VER MARTIM ARANHA,OPERACIONAL,TRUE,,Escola incluída no universo operacional de 2026.,priscila,priscila,FALSE,TRUE,TRUE,TRUE,ATIVA,ASSESSORADA,Rede municipal direta em 2024,rede_municipal_direta_ou_nao_classificada,rede_municipal_direta,Rede municipal direta em 2024,FALSE,FALSE,333,15,20,22.2,16.65,10.66481994459834,21.62162162162162,1.8005540166204983,90,4,42.54807692307692,60.67307692307693,0,17.01923076923077,21.235576923076923,0,38.25480769230769,1,FALSE,FALSE,362,275,75.96685082872928,57.85090909090909,337,276,81.89910979228486,38.80797101449275,3,ESC_050_emef-ver-martim-aranha.html,ESC_050_emef-ver-martim-aranha_dimensoes_operacionais.png,ESC_050_emef-ver-martim-aranha_participacao.png,ESC_050_emef-ver-martim-aranha_proficiencia.png
ESC_051,43175120,EMEF VILA MONTE CRISTO,OPERACIONAL,TRUE,,Escola incluída no universo operacional de 2026.,graziela,graziela,FALSE,TRUE,TRUE,TRUE,ATIVA,ASSESSORADA,Rede municipal direta em 2024,rede_municipal_direta_ou_nao_classificada,rede_municipal_direta,Rede municipal direta em 2024,FALSE,FALSE,454,20,29,22.7,15.655172413793103,11.580882352941176,6.387665198237886,3.4926470588235294,70,4,66.39423076923077,69.03846153846153,0,26.55769230769231,24.163461538461537,0,50.72115384615385,1,FALSE,FALSE,444,326,73.42342342342343,69.03067484662577,437,384,87.87185354691076,54.864583333333336,5,ESC_051_emef-vila-monte-cristo.html,ESC_051_emef-vila-monte-cristo_dimensoes_operacionais.png,ESC_051_emef-vila-monte-cristo_participacao.png,ESC_051_emef-vila-monte-cristo_proficiencia.png
ESC_052,43173721,EMEF WENCESLAU FONTOURA,OPERACIONAL,TRUE,,Escola incluída no universo operacional de 2026.,eliane,eliane,FALSE,TRUE,TRUE,TRUE,ATIVA,ASSESSORADA,Rede municipal direta em 2024,rede_municipal_direta_ou_nao_classificada,rede_municipal_direta,Rede municipal direta em 2024,FALSE,FALSE,446,17,25,26.235294117647054,17.84,9.976525821596244,34.75336322869955,0.5868544600938967,90,3,54.32692307692307,72.59615384615385,0,21.73076923076923,25.408653846153847,0,47.13942307692308,1,FALSE,FALSE,469,355,75.69296375266525,54.47605633802817,478,435,91.00418410041841,46.88275862068966,5,ESC_052_emef-wenceslau-fontoura.html,ESC_052_emef-wenceslau-fontoura_dimensoes_operacionais.png,ESC_052_emef-wenceslau-fontoura_participacao.png,ESC_052_emef-wenceslau-fontoura_proficiencia.png
ESC_053,43105246,EMEM EMILIO MEYER,OPERACIONAL,TRUE,,Escola incluída no universo operacional de 2026.,ruti,ruti,FALSE,TRUE,TRUE,TRUE,ATIVA,ASSESSORADA,Rede municipal direta em 2024,rede_municipal_direta_ou_nao_classificada,rede_municipal_direta,Rede municipal direta em 2024,FALSE,FALSE,377,18,27,20.944444444444443,13.962962962962964,9.70873786407767,0.7957559681697612,4.854368932038835,90,3,46.63461538461539,46.63461538461539,0,18.653846153846157,16.322115384615383,0,34.97596153846154,1,FALSE,FALSE,400,314,78.5,58.554140127388536,398,339,85.17587939698493,46.176991150442475,1,ESC_053_emem-emilio-meyer.html,ESC_053_emem-emilio-meyer_dimensoes_operacionais.png,ESC_053_emem-emilio-meyer_participacao.png,ESC_053_emem-emilio-meyer_proficiencia.png
ESC_054,43106668,ESC EST ENS FUN PROFESSORA LEOPOLDA BARNEWITZ,OPERACIONAL,TRUE,,Escola incluída no universo operacional de 2026.,julia,julia,FALSE,TRUE,TRUE,TRUE,ATIVA,ASSESSORADA,"Estadual em 2024, municipalizada posteriormente",municipalizada_apos_2024,rede_municipal_direta,"Escola pertencente e em funcionamento normal na rede estadual durante 2024. Foi municipalizada em janeiro de 2025 e passou a operar como escola da rede municipal direta, em regime de tempo integral. Para o contexto pré-programa de 2024 deve permanecer classificada como estadual; para 2025 em diante deve ser tratada como municipalizada recentemente e integrante da rede municipal direta.",TRUE,FALSE,154,8,17,19.25,9.058823529411764,5.194805194805195,100,0,60,1,8.461538461538462,43.07692307692307,100,3.384615384615385,15.076923076923075,25,43.46153846153846,1,FALSE,FALSE,128,100,78.125,72.63,124,120,96.7741935483871,76.975,5,ESC_054_esc-est-ens-fun-professora-leopolda-barnewitz.html,ESC_054_esc-est-ens-fun-professora-leopolda-barnewitz_dimensoes_operacionais.png,ESC_054_esc-est-ens-fun-professora-leopolda-barnewitz_participacao.png,ESC_054_esc-est-ens-fun-professora-leopolda-barnewitz_proficiencia.png
ESC_055,43105300,ESCOLA DE ENSINO FUNDAMENTAL MADRE RAFFO,INSTITUCIONAL_NAO_OPERACIONAL,FALSE,Não elegível ao universo operacional homologado; fora da carga de assessoramento.,"Escola preservada no universo institucional de 56 escolas, mas excluída das carteiras operacionais.",,outras,TRUE,FALSE,FALSE,FALSE,ZERO_OU_TENDENTE_A_ZERO,NAO_EXPOSTA_INELEGIVEL,Privada conveniada ou supervisionada,privada_conveniada_sob_supervisao_municipal,fora_da_rede_municipal_direta,"Escola da rede privada comunitária, vinculada ao grupo Horto de Ensino, conveniada com a Prefeitura de Porto Alegre para atendimento da demanda por vagas públicas. Não possui docentes cedidos pelo poder público, mas integra a supervisão programática da SMED e o acompanhamento dos resultados das avaliações municipais. Mantém parceria com a Prefeitura ao menos desde 2020, em situação semelhante à Pequena Casa da Criança e à Aldeia Lumiar. Deve ser classificada como instituição privada conveniada ou supervisionada, fora da rede municipal direta, mas incluída no universo municipal ampliado quando pertinente.",FALSE,FALSE,159,8,13,19.875,12.23076923076923,4.406779661016949,0,0,80,3,,,,,,,,,,,42,39,92.85714285714286,88.56410256410257,38,37,97.36842105263158,69.51351351351352,5,ESC_055_escola-de-ensino-fundamental-madre-raffo.html,,ESC_055_escola-de-ensino-fundamental-madre-raffo_participacao.png,ESC_055_escola-de-ensino-fundamental-madre-raffo_proficiencia.png
ESC_056,43189768,EEF ALDEIA LUMIAR,INSTITUCIONAL_NAO_OPERACIONAL,FALSE,Não elegível ao universo operacional homologado; fora da carga de assessoramento.,"Escola preservada no universo institucional de 56 escolas, mas excluída das carteiras operacionais.",,Sem vinculação informada,TRUE,FALSE,FALSE,FALSE,ZERO_OU_TENDENTE_A_ZERO,NAO_EXPOSTA_INELEGIVEL,Filantrópica supervisionada,filantropica_sob_supervisao_municipal,fora_da_rede_municipal_direta,Instituição filantrópica supervisionada,FALSE,FALSE,109,0,0,,,6.598984771573604,100,0,80,2,,,,,,,,,,,105,82,78.0952380952381,69.79268292682927,23,16,69.56521739130434,48,1,ESC_056_eef-aldeia-lumiar.html,,ESC_056_eef-aldeia-lumiar_participacao.png,ESC_056_eef-aldeia-lumiar_proficiencia.png
