variavel_contexto,variavel_resultado,ano_escolar,numero_observacoes,correlacao
alunos_por_docente_anos_iniciais,delta_participacao,1,53,-0.3013170849455943
alunos_por_docente_anos_iniciais,delta_participacao,2,53,-0.041762869568550916
alunos_por_docente_anos_iniciais,delta_participacao,3,53,-0.109983617785878
alunos_por_docente_anos_iniciais,delta_participacao,4,53,-0.22696668220211696
alunos_por_docente_anos_iniciais,delta_participacao,5,52,-0.21365479196770332
alunos_por_docente_anos_iniciais,delta_pct_adequado,1,53,0.20205441675102312
alunos_por_docente_anos_iniciais,delta_pct_adequado,2,53,0.16809542718876389
alunos_por_docente_anos_iniciais,delta_pct_adequado,3,53,-0.23779998787955686
alunos_por_docente_anos_iniciais,delta_pct_adequado,4,53,0.08064628209365209
alunos_por_docente_anos_iniciais,delta_pct_adequado,5,52,-0.17830528759492706
alunos_por_docente_anos_iniciais,delta_pct_defasagem,1,53,0.07905997782888086
alunos_por_docente_anos_iniciais,delta_pct_defasagem,2,53,-0.037353290080345804
alunos_por_docente_anos_iniciais,delta_pct_defasagem,3,53,0.23037421883789397
alunos_por_docente_anos_iniciais,delta_pct_defasagem,4,53,0.19166797406027894
alunos_por_docente_anos_iniciais,delta_pct_defasagem,5,52,0.290325058689739
alunos_por_docente_anos_iniciais,delta_proficiencia,1,53,0.061942037937453134
alunos_por_docente_anos_iniciais,delta_proficiencia,2,53,0.11821691980338649
alunos_por_docente_anos_iniciais,delta_proficiencia,3,53,-0.2356636589272592
alunos_por_docente_anos_iniciais,delta_proficiencia,4,53,0.005735035939684367
alunos_por_docente_anos_iniciais,delta_proficiencia,5,52,-0.2664473043592187
alunos_por_docente_anos_iniciais,pct_adequado_2025,1,53,-0.3213753681402948
alunos_por_docente_anos_iniciais,pct_adequado_2025,2,53,-0.40115722185393315
alunos_por_docente_anos_iniciais,pct_adequado_2025,3,53,-0.1541265619070361
alunos_por_docente_anos_iniciais,pct_adequado_2025,4,53,-0.2861448321352403
alunos_por_docente_anos_iniciais,pct_adequado_2025,5,52,0.023640428358113235
alunos_por_docente_anos_iniciais,proficiencia_media_2025,1,53,-0.30054472394803566
alunos_por_docente_anos_iniciais,proficiencia_media_2025,2,53,-0.3817054080369857
alunos_por_docente_anos_iniciais,proficiencia_media_2025,3,53,-0.18924135053127183
alunos_por_docente_anos_iniciais,proficiencia_media_2025,4,53,-0.3135315109468113
alunos_por_docente_anos_iniciais,proficiencia_media_2025,5,52,0.028563047710468695
alunos_por_docente_anos_iniciais,taxa_participacao_2025,1,53,0.07984087602395917
alunos_por_docente_anos_iniciais,taxa_participacao_2025,2,53,-0.18669033909074037
alunos_por_docente_anos_iniciais,taxa_participacao_2025,3,53,-0.1605892464366508
alunos_por_docente_anos_iniciais,taxa_participacao_2025,4,53,-0.03141353769790666
alunos_por_docente_anos_iniciais,taxa_participacao_2025,5,52,0.10722118308400087
alunos_por_turma_anos_iniciais,delta_participacao,1,53,-0.09434619544303674
alunos_por_turma_anos_iniciais,delta_participacao,2,53,-0.19324076572130222
alunos_por_turma_anos_iniciais,delta_participacao,3,53,0.05802966897381936
alunos_por_turma_anos_iniciais,delta_participacao,4,53,-0.19395539043258544
alunos_por_turma_anos_iniciais,delta_participacao,5,52,-0.3568730370369775
alunos_por_turma_anos_iniciais,delta_pct_adequado,1,53,0.3576408294526791
alunos_por_turma_anos_iniciais,delta_pct_adequado,2,53,0.1919110109044286
alunos_por_turma_anos_iniciais,delta_pct_adequado,3,53,-0.1318734008786832
alunos_por_turma_anos_iniciais,delta_pct_adequado,4,53,0.27656589299857726
alunos_por_turma_anos_iniciais,delta_pct_adequado,5,52,-0.23039534816381177
alunos_por_turma_anos_iniciais,delta_pct_defasagem,1,53,-0.14356294178865311
alunos_por_turma_anos_iniciais,delta_pct_defasagem,2,53,-0.2446063559668607
alunos_por_turma_anos_iniciais,delta_pct_defasagem,3,53,0.16880467237099683
alunos_por_turma_anos_iniciais,delta_pct_defasagem,4,53,-0.033699203507511384
alunos_por_turma_anos_iniciais,delta_pct_defasagem,5,52,0.015892700867486943
alunos_por_turma_anos_iniciais,delta_proficiencia,1,53,0.24956127203575953
alunos_por_turma_anos_iniciais,delta_proficiencia,2,53,0.2089015209256936
alunos_por_turma_anos_iniciais,delta_proficiencia,3,53,-0.14712037746403148
alunos_por_turma_anos_iniciais,delta_proficiencia,4,53,0.19743290266309232
alunos_por_turma_anos_iniciais,delta_proficiencia,5,52,-0.14337287289843323
alunos_por_turma_anos_iniciais,pct_adequado_2025,1,53,-0.4229497935585972
alunos_por_turma_anos_iniciais,pct_adequado_2025,2,53,-0.2672469691527232
alunos_por_turma_anos_iniciais,pct_adequado_2025,3,53,-0.12369125349280982
alunos_por_turma_anos_iniciais,pct_adequado_2025,4,53,-0.36428819620015224
alunos_por_turma_anos_iniciais,pct_adequado_2025,5,52,0.10761041463147498
alunos_por_turma_anos_iniciais,proficiencia_media_2025,1,53,-0.42087886694816884
alunos_por_turma_anos_iniciais,proficiencia_media_2025,2,53,-0.33382782070942985
alunos_por_turma_anos_iniciais,proficiencia_media_2025,3,53,-0.15366209711905304
alunos_por_turma_anos_iniciais,proficiencia_media_2025,4,53,-0.3588374692624464
alunos_por_turma_anos_iniciais,proficiencia_media_2025,5,52,-0.00441578247025975
alunos_por_turma_anos_iniciais,taxa_participacao_2025,1,53,0.12410440969285567
alunos_por_turma_anos_iniciais,taxa_participacao_2025,2,53,0.1356354399956874
alunos_por_turma_anos_iniciais,taxa_participacao_2025,3,53,-0.17526679342110735
alunos_por_turma_anos_iniciais,taxa_participacao_2025,4,53,0.12299302480914853
alunos_por_turma_anos_iniciais,taxa_participacao_2025,5,52,0.2577940628310054
indice_infraestrutura_basica,delta_participacao,1,54,-0.14210028314316545
indice_infraestrutura_basica,delta_participacao,2,53,-0.05091814358719068
indice_infraestrutura_basica,delta_participacao,3,53,-0.2438358333012812
indice_infraestrutura_basica,delta_participacao,4,53,-0.07953429633892209
indice_infraestrutura_basica,delta_participacao,5,52,0.023175036323261157
indice_infraestrutura_basica,delta_pct_adequado,1,54,0.03886155901986998
indice_infraestrutura_basica,delta_pct_adequado,2,53,0.04165113899724479
indice_infraestrutura_basica,delta_pct_adequado,3,53,-0.017242616394361223
indice_infraestrutura_basica,delta_pct_adequado,4,53,0.0864391494431614
indice_infraestrutura_basica,delta_pct_adequado,5,52,0.05994073600453672
indice_infraestrutura_basica,delta_pct_defasagem,1,54,0.09898250464308318
indice_infraestrutura_basica,delta_pct_defasagem,2,53,-0.011422840510465784
indice_infraestrutura_basica,delta_pct_defasagem,3,53,0.1556358456199654
indice_infraestrutura_basica,delta_pct_defasagem,4,53,-0.03251567577553307
indice_infraestrutura_basica,delta_pct_defasagem,5,52,-0.03921419381676054
indice_infraestrutura_basica,delta_proficiencia,1,54,-0.04382808917676902
indice_infraestrutura_basica,delta_proficiencia,2,53,0.009573884373007725
indice_infraestrutura_basica,delta_proficiencia,3,53,-0.07084807546765341
indice_infraestrutura_basica,delta_proficiencia,4,53,0.041458480420046726
indice_infraestrutura_basica,delta_proficiencia,5,52,0.06433658699344065
indice_infraestrutura_basica,pct_adequado_2025,1,54,-0.1477110046828201
indice_infraestrutura_basica,pct_adequado_2025,2,53,-0.20213309956997327
indice_infraestrutura_basica,pct_adequado_2025,3,53,-0.26944230578103817
indice_infraestrutura_basica,pct_adequado_2025,4,53,-0.24957160508584175
indice_infraestrutura_basica,pct_adequado_2025,5,52,-0.24741299553795756
indice_infraestrutura_basica,proficiencia_media_2025,1,54,-0.12086704990604985
indice_infraestrutura_basica,proficiencia_media_2025,2,53,-0.22998955019939332
indice_infraestrutura_basica,proficiencia_media_2025,3,53,-0.2409368684068223
indice_infraestrutura_basica,proficiencia_media_2025,4,53,-0.24225030457419336
indice_infraestrutura_basica,proficiencia_media_2025,5,52,-0.26393237111359247
indice_infraestrutura_basica,taxa_participacao_2025,1,54,0.03026177425246604
indice_infraestrutura_basica,taxa_participacao_2025,2,53,-0.0778222018602516
indice_infraestrutura_basica,taxa_participacao_2025,3,53,-0.07530109962279101
indice_infraestrutura_basica,taxa_participacao_2025,4,53,-0.08410531595487773
indice_infraestrutura_basica,taxa_participacao_2025,5,52,-0.061473211761120215
log_matriculas_anos_iniciais,delta_participacao,1,54,-0.16966412239215145
log_matriculas_anos_iniciais,delta_participacao,2,53,-0.05378904737025529
log_matriculas_anos_iniciais,delta_participacao,3,53,-0.03455314820693036
log_matriculas_anos_iniciais,delta_participacao,4,53,-0.19170046820978712
log_matriculas_anos_iniciais,delta_participacao,5,52,-0.23929829791777
log_matriculas_anos_iniciais,delta_pct_adequado,1,54,0.29755340234015026
log_matriculas_anos_iniciais,delta_pct_adequado,2,53,0.2340842489932997
log_matriculas_anos_iniciais,delta_pct_adequado,3,53,-0.10504297651329043
log_matriculas_anos_iniciais,delta_pct_adequado,4,53,0.08814406830241789
log_matriculas_anos_iniciais,delta_pct_adequado,5,52,-0.19381528542526463
log_matriculas_anos_iniciais,delta_pct_defasagem,1,54,-0.018499555950079856
log_matriculas_anos_iniciais,delta_pct_defasagem,2,53,-0.14331392832687073
log_matriculas_anos_iniciais,delta_pct_defasagem,3,53,0.11851174504449867
log_matriculas_anos_iniciais,delta_pct_defasagem,4,53,0.17094141077441294
log_matriculas_anos_iniciais,delta_pct_defasagem,5,52,0.26335830092510604
log_matriculas_anos_iniciais,delta_proficiencia,1,54,0.14814542503923975
log_matriculas_anos_iniciais,delta_proficiencia,2,53,0.1930813536529887
log_matriculas_anos_iniciais,delta_proficiencia,3,53,-0.12513445641725865
log_matriculas_anos_iniciais,delta_proficiencia,4,53,0.031139048371725722
log_matriculas_anos_iniciais,delta_proficiencia,5,52,-0.26811515034498057
log_matriculas_anos_iniciais,pct_adequado_2025,1,54,-0.3747210958442665
log_matriculas_anos_iniciais,pct_adequado_2025,2,53,-0.5147896780232849
log_matriculas_anos_iniciais,pct_adequado_2025,3,53,-0.2940985103213921
log_matriculas_anos_iniciais,pct_adequado_2025,4,53,-0.3696209974186466
log_matriculas_anos_iniciais,pct_adequado_2025,5,52,0.04236682481205969
log_matriculas_anos_iniciais,proficiencia_media_2025,1,54,-0.3583482153910858
log_matriculas_anos_iniciais,proficiencia_media_2025,2,53,-0.5048756489416367
log_matriculas_anos_iniciais,proficiencia_media_2025,3,53,-0.342236176173839
log_matriculas_anos_iniciais,proficiencia_media_2025,4,53,-0.42810901196205653
log_matriculas_anos_iniciais,proficiencia_media_2025,5,52,-0.012354604984496378
log_matriculas_anos_iniciais,taxa_participacao_2025,1,54,-0.059144719061186915
log_matriculas_anos_iniciais,taxa_participacao_2025,2,53,-0.22540928548077152
log_matriculas_anos_iniciais,taxa_participacao_2025,3,53,-0.31085492811131105
log_matriculas_anos_iniciais,taxa_participacao_2025,4,53,-0.11125312948372328
log_matriculas_anos_iniciais,taxa_participacao_2025,5,52,0.06720746307699312
numero_etapas_amplas_ofertadas,delta_participacao,1,54,-0.1480548407934281
numero_etapas_amplas_ofertadas,delta_participacao,2,53,-0.055364681811593645
numero_etapas_amplas_ofertadas,delta_participacao,3,53,-0.23038898918559744
numero_etapas_amplas_ofertadas,delta_participacao,4,53,-0.014515123625231347
numero_etapas_amplas_ofertadas,delta_participacao,5,52,-0.1277093781730097
numero_etapas_amplas_ofertadas,delta_pct_adequado,1,54,-0.025910985781484562
numero_etapas_amplas_ofertadas,delta_pct_adequado,2,53,-0.1755539839902347
numero_etapas_amplas_ofertadas,delta_pct_adequado,3,53,0.04771710347850119
numero_etapas_amplas_ofertadas,delta_pct_adequado,4,53,0.003959662221106678
numero_etapas_amplas_ofertadas,delta_pct_adequado,5,52,-9.485459494017224e-4
numero_etapas_amplas_ofertadas,delta_pct_defasagem,1,54,0.12067273483558322
numero_etapas_amplas_ofertadas,delta_pct_defasagem,2,53,0.23202210087074265
numero_etapas_amplas_ofertadas,delta_pct_defasagem,3,53,0.1006135948264969
numero_etapas_amplas_ofertadas,delta_pct_defasagem,4,53,0.06752533042284899
numero_etapas_amplas_ofertadas,delta_pct_defasagem,5,52,0.009220103797866171
numero_etapas_amplas_ofertadas,delta_proficiencia,1,54,-0.07364307585539186
numero_etapas_amplas_ofertadas,delta_proficiencia,2,53,-0.22017383248152494
numero_etapas_amplas_ofertadas,delta_proficiencia,3,53,-0.03770826903365327
numero_etapas_amplas_ofertadas,delta_proficiencia,4,53,-0.010250889687253267
numero_etapas_amplas_ofertadas,delta_proficiencia,5,52,-4.6719371782696803e-4
numero_etapas_amplas_ofertadas,pct_adequado_2025,1,54,-0.0493062654303864
numero_etapas_amplas_ofertadas,pct_adequado_2025,2,53,-0.13297294283027689
numero_etapas_amplas_ofertadas,pct_adequado_2025,3,53,-0.4184279227843163
numero_etapas_amplas_ofertadas,pct_adequado_2025,4,53,-0.25204764542403335
numero_etapas_amplas_ofertadas,pct_adequado_2025,5,52,-0.2032426869814414
numero_etapas_amplas_ofertadas,proficiencia_media_2025,1,54,-0.04064923794197247
numero_etapas_amplas_ofertadas,proficiencia_media_2025,2,53,-0.10864343980487162
numero_etapas_amplas_ofertadas,proficiencia_media_2025,3,53,-0.37148008127204823
numero_etapas_amplas_ofertadas,proficiencia_media_2025,4,53,-0.30041300759814127
numero_etapas_amplas_ofertadas,proficiencia_media_2025,5,52,-0.27343642370452764
numero_etapas_amplas_ofertadas,taxa_participacao_2025,1,54,-0.12617065423526608
numero_etapas_amplas_ofertadas,taxa_participacao_2025,2,53,-0.23259573220020888
numero_etapas_amplas_ofertadas,taxa_participacao_2025,3,53,-0.11202925062880785
numero_etapas_amplas_ofertadas,taxa_participacao_2025,4,53,-0.3200040566062334
numero_etapas_amplas_ofertadas,taxa_participacao_2025,5,52,-0.14935868661272833
pct_matriculas_anos_iniciais_integral,delta_participacao,1,54,0.29086003045285713
pct_matriculas_anos_iniciais_integral,delta_participacao,2,53,-0.0909568795416936
pct_matriculas_anos_iniciais_integral,delta_participacao,3,53,0.40044095261622764
pct_matriculas_anos_iniciais_integral,delta_participacao,4,53,0.19710765706773695
pct_matriculas_anos_iniciais_integral,delta_participacao,5,52,0.06564219512706902
pct_matriculas_anos_iniciais_integral,delta_pct_adequado,1,54,-0.019582968030588118
pct_matriculas_anos_iniciais_integral,delta_pct_adequado,2,53,-0.04182454066572177
pct_matriculas_anos_iniciais_integral,delta_pct_adequado,3,53,0.3396664718662903
pct_matriculas_anos_iniciais_integral,delta_pct_adequado,4,53,0.02575314282865707
pct_matriculas_anos_iniciais_integral,delta_pct_adequado,5,52,0.1554147142128345
pct_matriculas_anos_iniciais_integral,delta_pct_defasagem,1,54,-0.012517862540592896
pct_matriculas_anos_iniciais_integral,delta_pct_defasagem,2,53,-0.06150312833328593
pct_matriculas_anos_iniciais_integral,delta_pct_defasagem,3,53,-0.2592691370784305
pct_matriculas_anos_iniciais_integral,delta_pct_defasagem,4,53,-0.054474147718437047
pct_matriculas_anos_iniciais_integral,delta_pct_defasagem,5,52,-0.3379592142772753
pct_matriculas_anos_iniciais_integral,delta_proficiencia,1,54,-2.611737106297693e-4
pct_matriculas_anos_iniciais_integral,delta_proficiencia,2,53,0.008066012813441083
pct_matriculas_anos_iniciais_integral,delta_proficiencia,3,53,0.30686844668608715
pct_matriculas_anos_iniciais_integral,delta_proficiencia,4,53,0.04315373815477754
pct_matriculas_anos_iniciais_integral,delta_proficiencia,5,52,0.29341641336932456
pct_matriculas_anos_iniciais_integral,pct_adequado_2025,1,54,0.06790895773846423
pct_matriculas_anos_iniciais_integral,pct_adequado_2025,2,53,0.2087059900426585
pct_matriculas_anos_iniciais_integral,pct_adequado_2025,3,53,-0.08359822230476031
pct_matriculas_anos_iniciais_integral,pct_adequado_2025,4,53,0.022718324397287496
pct_matriculas_anos_iniciais_integral,pct_adequado_2025,5,52,0.04903579947276129
pct_matriculas_anos_iniciais_integral,proficiencia_media_2025,1,54,0.03464523904413979
pct_matriculas_anos_iniciais_integral,proficiencia_media_2025,2,53,0.21742884992265296
pct_matriculas_anos_iniciais_integral,proficiencia_media_2025,3,53,-0.07327316739541177
pct_matriculas_anos_iniciais_integral,proficiencia_media_2025,4,53,0.044888917597636864
pct_matriculas_anos_iniciais_integral,proficiencia_media_2025,5,52,0.011100026866324964
pct_matriculas_anos_iniciais_integral,taxa_participacao_2025,1,54,-0.131614140655491
pct_matriculas_anos_iniciais_integral,taxa_participacao_2025,2,53,0.1954685676023439
pct_matriculas_anos_iniciais_integral,taxa_participacao_2025,3,53,-0.0975370502403428
pct_matriculas_anos_iniciais_integral,taxa_participacao_2025,4,53,0.05862212341878298
pct_matriculas_anos_iniciais_integral,taxa_participacao_2025,5,52,-0.0022696609352734092
pct_matriculas_educacao_especial,delta_participacao,1,54,0.4123147501002449
pct_matriculas_educacao_especial,delta_participacao,2,53,0.1430647562210851
pct_matriculas_educacao_especial,delta_participacao,3,53,0.415452929036582
pct_matriculas_educacao_especial,delta_participacao,4,53,0.2556341121032317
pct_matriculas_educacao_especial,delta_participacao,5,52,0.31279560062041023
pct_matriculas_educacao_especial,delta_pct_adequado,1,54,-0.30205148927156944
pct_matriculas_educacao_especial,delta_pct_adequado,2,53,-0.15767743724269181
pct_matriculas_educacao_especial,delta_pct_adequado,3,53,0.2979994770198497
pct_matriculas_educacao_especial,delta_pct_adequado,4,53,-0.07095990380139067
pct_matriculas_educacao_especial,delta_pct_adequado,5,52,0.10613707567474315
pct_matriculas_educacao_especial,delta_pct_defasagem,1,54,0.2000699648007875
pct_matriculas_educacao_especial,delta_pct_defasagem,2,53,0.024905129883190262
pct_matriculas_educacao_especial,delta_pct_defasagem,3,53,-0.19630796964395242
pct_matriculas_educacao_especial,delta_pct_defasagem,4,53,-0.06461847285597065
pct_matriculas_educacao_especial,delta_pct_defasagem,5,52,-0.3647565076742845
pct_matriculas_educacao_especial,delta_proficiencia,1,54,-0.26760319400426247
pct_matriculas_educacao_especial,delta_proficiencia,2,53,-0.11789642669403515
pct_matriculas_educacao_especial,delta_proficiencia,3,53,0.2538210049145314
pct_matriculas_educacao_especial,delta_proficiencia,4,53,-0.08330519764198768
pct_matriculas_educacao_especial,delta_proficiencia,5,52,0.3002089175755775
pct_matriculas_educacao_especial,pct_adequado_2025,1,54,0.37895905427172594
pct_matriculas_educacao_especial,pct_adequado_2025,2,53,0.2196586589641616
pct_matriculas_educacao_especial,pct_adequado_2025,3,53,-0.04622293725589043
pct_matriculas_educacao_especial,pct_adequado_2025,4,53,0.19491660627288346
pct_matriculas_educacao_especial,pct_adequado_2025,5,52,0.10362050005023003
pct_matriculas_educacao_especial,proficiencia_media_2025,1,54,0.39661283357075533
pct_matriculas_educacao_especial,proficiencia_media_2025,2,53,0.22078010753094054
pct_matriculas_educacao_especial,proficiencia_media_2025,3,53,-0.008290348429279915
pct_matriculas_educacao_especial,proficiencia_media_2025,4,53,0.23643356265898444
pct_matriculas_educacao_especial,proficiencia_media_2025,5,52,0.059242355168909765
pct_matriculas_educacao_especial,taxa_participacao_2025,1,54,-0.2700524217776149
pct_matriculas_educacao_especial,taxa_participacao_2025,2,53,-0.03608464440759012
pct_matriculas_educacao_especial,taxa_participacao_2025,3,53,-0.2793271850025563
pct_matriculas_educacao_especial,taxa_participacao_2025,4,53,-0.04214415226994597
pct_matriculas_educacao_especial,taxa_participacao_2025,5,52,-0.26182529376919395
pct_matriculas_preta_parda_indigena,delta_participacao,1,54,0.2279990203393414
pct_matriculas_preta_parda_indigena,delta_participacao,2,53,-0.5297435350074743
pct_matriculas_preta_parda_indigena,delta_participacao,3,53,-0.05130183650051002
pct_matriculas_preta_parda_indigena,delta_participacao,4,53,0.1814125197400986
pct_matriculas_preta_parda_indigena,delta_participacao,5,52,-0.16373226644786934
pct_matriculas_preta_parda_indigena,delta_pct_adequado,1,54,0.1681748472320526
pct_matriculas_preta_parda_indigena,delta_pct_adequado,2,53,0.14104967859711484
pct_matriculas_preta_parda_indigena,delta_pct_adequado,3,53,0.14142026917342307
pct_matriculas_preta_parda_indigena,delta_pct_adequado,4,53,0.22737692993199626
pct_matriculas_preta_parda_indigena,delta_pct_adequado,5,52,-0.09438176077605763
pct_matriculas_preta_parda_indigena,delta_pct_defasagem,1,54,0.049488468832126466
pct_matriculas_preta_parda_indigena,delta_pct_defasagem,2,53,-0.0031266917486306124
pct_matriculas_preta_parda_indigena,delta_pct_defasagem,3,53,-0.024324639802441254
pct_matriculas_preta_parda_indigena,delta_pct_defasagem,4,53,0.07954402842426869
pct_matriculas_preta_parda_indigena,delta_pct_defasagem,5,52,-0.09722226439282414
pct_matriculas_preta_parda_indigena,delta_proficiencia,1,54,0.05701582915768463
pct_matriculas_preta_parda_indigena,delta_proficiencia,2,53,0.06075432371073164
pct_matriculas_preta_parda_indigena,delta_proficiencia,3,53,0.04166438379545094
pct_matriculas_preta_parda_indigena,delta_proficiencia,4,53,0.08109867451004421
pct_matriculas_preta_parda_indigena,delta_proficiencia,5,52,-0.019376855129808912
pct_matriculas_preta_parda_indigena,pct_adequado_2025,1,54,-0.2798116687053834
pct_matriculas_preta_parda_indigena,pct_adequado_2025,2,53,-0.2931080409618825
pct_matriculas_preta_parda_indigena,pct_adequado_2025,3,53,-0.4341231089052193
pct_matriculas_preta_parda_indigena,pct_adequado_2025,4,53,-0.6244489921183439
pct_matriculas_preta_parda_indigena,pct_adequado_2025,5,52,-0.41968773572400486
pct_matriculas_preta_parda_indigena,proficiencia_media_2025,1,54,-0.2805448134427629
pct_matriculas_preta_parda_indigena,proficiencia_media_2025,2,53,-0.24840672905786043
pct_matriculas_preta_parda_indigena,proficiencia_media_2025,3,53,-0.41469760489253893
pct_matriculas_preta_parda_indigena,proficiencia_media_2025,4,53,-0.5880477227765877
pct_matriculas_preta_parda_indigena,proficiencia_media_2025,5,52,-0.4792752479357933
pct_matriculas_preta_parda_indigena,taxa_participacao_2025,1,54,-0.47554262869822017
pct_matriculas_preta_parda_indigena,taxa_participacao_2025,2,53,0.17343139953677303
pct_matriculas_preta_parda_indigena,taxa_participacao_2025,3,53,-0.3014206214873787
pct_matriculas_preta_parda_indigena,taxa_participacao_2025,4,53,-0.3478783631691334
pct_matriculas_preta_parda_indigena,taxa_participacao_2025,5,52,-0.09102549604972175
pct_matriculas_transporte_publico,delta_participacao,1,54,-0.013665918694322538
pct_matriculas_transporte_publico,delta_participacao,2,53,-0.12175979990686993
pct_matriculas_transporte_publico,delta_participacao,3,53,-0.08983161765835164
pct_matriculas_transporte_publico,delta_participacao,4,53,-0.22234378737901225
pct_matriculas_transporte_publico,delta_participacao,5,52,-0.34318990723348536
pct_matriculas_transporte_publico,delta_pct_adequado,1,54,-0.10490816984565302
pct_matriculas_transporte_publico,delta_pct_adequado,2,53,-0.02136485959717539
pct_matriculas_transporte_publico,delta_pct_adequado,3,53,-0.01126783070109996
pct_matriculas_transporte_publico,delta_pct_adequado,4,53,0.0982587302363792
pct_matriculas_transporte_publico,delta_pct_adequado,5,52,-0.2681301010813162
pct_matriculas_transporte_publico,delta_pct_defasagem,1,54,0.1604860794052511
pct_matriculas_transporte_publico,delta_pct_defasagem,2,53,0.023611099478327877
pct_matriculas_transporte_publico,delta_pct_defasagem,3,53,-0.05261726583278876
pct_matriculas_transporte_publico,delta_pct_defasagem,4,53,-0.12016360524561202
pct_matriculas_transporte_publico,delta_pct_defasagem,5,52,0.20012966767442816
pct_matriculas_transporte_publico,delta_proficiencia,1,54,-0.14753639261321702
pct_matriculas_transporte_publico,delta_proficiencia,2,53,-0.012195758687655985
pct_matriculas_transporte_publico,delta_proficiencia,3,53,0.04045564324774124
pct_matriculas_transporte_publico,delta_proficiencia,4,53,0.13432315383205143
pct_matriculas_transporte_publico,delta_proficiencia,5,52,-0.2554083549200126
pct_matriculas_transporte_publico,pct_adequado_2025,1,54,0.15113619875577017
pct_matriculas_transporte_publico,pct_adequado_2025,2,53,0.13592462691476248
pct_matriculas_transporte_publico,pct_adequado_2025,3,53,0.029472093055412756
pct_matriculas_transporte_publico,pct_adequado_2025,4,53,-0.014073928123114565
pct_matriculas_transporte_publico,pct_adequado_2025,5,52,0.35396066103984103
pct_matriculas_transporte_publico,proficiencia_media_2025,1,54,0.11059406750230763
pct_matriculas_transporte_publico,proficiencia_media_2025,2,53,0.09003517137868072
pct_matriculas_transporte_publico,proficiencia_media_2025,3,53,0.006610222492670946
pct_matriculas_transporte_publico,proficiencia_media_2025,4,53,-0.03802559952770477
pct_matriculas_transporte_publico,proficiencia_media_2025,5,52,0.318706454560397
pct_matriculas_transporte_publico,taxa_participacao_2025,1,54,-0.005711867573089136
pct_matriculas_transporte_publico,taxa_participacao_2025,2,53,0.21057076729758412
pct_matriculas_transporte_publico,taxa_participacao_2025,3,53,0.14291485848120047
pct_matriculas_transporte_publico,taxa_participacao_2025,4,53,0.19456365440305876
pct_matriculas_transporte_publico,taxa_participacao_2025,5,52,0.3176882805000753
